indicator,base-per,Unit,Date,Value
ALL GROUPS,2014M12,Index,2014M12,100
ALL GROUPS,2014M12,Index,2015M1,97.58555611
ALL GROUPS,2014M12,Index,2015M2,98.42550657
ALL GROUPS,2014M12,Index,2015M3,99.74662676
ALL GROUPS,2014M12,Index,2015M4,100.034736
ALL GROUPS,2014M12,Index,2015M5,99.98332706
ALL GROUPS,2014M12,Index,2015M6,100.01735
ALL GROUPS,2014M12,Index,2015M7,103.981608
ALL GROUPS,2014M12,Index,2015M8,105.2929745
ALL GROUPS,2014M12,Index,2015M9,105.328269
ALL GROUPS,2014M12,Index,2015M10,100.13349
ALL GROUPS,2014M12,Index,2015M11,100.1298037
ALL GROUPS,2014M12,Index,2015M12,100.2921321
ALL GROUPS,2014M12,Index,2016M1,99.7768138
ALL GROUPS,2014M12,Index,2016M2,99.69783099
ALL GROUPS,2014M12,Index,2016M3,100.0137623
ALL GROUPS,2014M12,Index,2016M4,100.5560579
ALL GROUPS,2014M12,Index,2016M5,100.7362936
ALL GROUPS,2014M12,Index,2016M6,100.9093174
ALL GROUPS,2014M12,Index,2016M7,101.2554095
ALL GROUPS,2014M12,Index,2016M8,101.2086205
ALL GROUPS,2014M12,Index,2016M9,101.112105
ALL GROUPS,2014M12,Index,2016M10,100.8178649
ALL GROUPS,2014M12,Index,2016M11,103.6476581
ALL GROUPS,2014M12,Index,2016M12,101.5094716
ALL GROUPS,2014M12,Index,2017M1,102.3119565
ALL GROUPS,2014M12,Index,2017M2,101.6356825
ALL GROUPS,2014M12,Index,2017M3,101.5185534
ALL GROUPS,2014M12,Index,2017M4,102.889318
ALL GROUPS,2014M12,Index,2017M5,104.5573304
ALL GROUPS,2014M12,Index,2017M6,105.5802404
ALL GROUPS,2014M12,Index,2017M7,105.6633773
ALL GROUPS,2014M12,Index,2017M8,105.7458973
ALL GROUPS,2014M12,Index,2017M9,106.6707653
ALL GROUPS,2014M12,Index,2017M10,107.3479462
ALL GROUPS,2014M12,Index,2017M11,107.5518937
ALL GROUPS,2014M12,Index,2017M12,107.6921335
ALL GROUPS,2014M12,Index,2018M1,106.2352805
ALL GROUPS,2014M12,Index,2018M2,107.4257894
ALL GROUPS,2014M12,Index,2018M3,107.3905062
ALL GROUPS,2014M12,Index,2018M4,108.7317946
ALL GROUPS,2014M12,Index,2018M5,110.3196992
ALL GROUPS,2014M12,Index,2018M6,109.7625924
ALL GROUPS,2014M12,Index,2018M7,108.9395172
ALL GROUPS,2014M12,Index,2018M8,109.0870703
ALL GROUPS,2014M12,Index,2018M9,110.361435
ALL GROUPS,2014M12,Index,2018M10,111.6178267
ALL GROUPS,2014M12,Index,2018M11,111.8485192
ALL GROUPS,2014M12,Index,2018M12,111.1604276
ALL GROUPS,2014M12,Index,2019M1,109.617661
ALL GROUPS,2014M12,Index,2019M2,110.7476481
ALL GROUPS,2014M12,Index,2019M3,110.7915774
ALL GROUPS,2014M12,Index,2019M4,114.8903218
ALL GROUPS,2014M12,Index,2019M5,116.8103854
ALL GROUPS,2014M12,Index,2019M6,117.0093358
ALL GROUPS,2014M12,Index,2019M7,116.362748
ALL GROUPS,2014M12,Index,2019M8,115.4121572
ALL GROUPS,2014M12,Index,2019M9,116.0685162
ALL GROUPS,2014M12,Index,2019M10,116.247411
ALL GROUPS,2014M12,Index,2019M11,116.1048199
ALL GROUPS,2014M12,Index,2019M12,114.6355956
ALL GROUPS,2014M12,Index,2020M1,113.1376291
ALL GROUPS,2014M12,Index,2020M2,114.1333023
ALL GROUPS,2014M12,Index,2020M3,116.5535432
ALL GROUPS,2014M12,Index,2020M4,119.8025395
ALL GROUPS,2014M12,Index,2020M5,121.7588654
ALL GROUPS,2014M12,Index,2020M6,122.0429678
ALL GROUPS,2014M12,Index,2020M7,121.1277043
ALL GROUPS,2014M12,Index,2020M8,120.0878421
ALL GROUPS,2014M12,Index,2020M9,120.6298225
ALL GROUPS,2014M12,Index,2020M10,120.60528
ALL GROUPS,2014M12,Index,2020M11,121.1831633
ALL GROUPS,2014M12,Index,2020M12,120.1786386
ALL GROUPS,2014M12,Index,2021M1,118.8
ALL GROUPS,2014M12,Index,2021M2,119.88
ALL GROUPS,2014M12,Index,2021M3,122.47
ALL GROUPS,2014M12,Index,2021M4,124.85
ALL GROUPS,2014M12,Index,2021M5,126.42
ALL GROUPS,2014M12,Index,2021M6,125.97
ALL GROUPS,2014M12,Index,2021M7,126.89
ALL GROUPS,2014M12,Index,2021M8,125.26
ALL GROUPS,2014M12,Index,2021M9,126.17
ALL GROUPS,2014M12,Index,2021M10,126.4613726
ALL GROUPS,2014M12,Index,2021M11,127.2735028
ALL GROUPS,2014M12,Index,2021M12,126.9899071
ALL GROUPS,2014M12,Index,2022M1,126.9198506
ALL GROUPS,2014M12,Index,2022M2,127.614781
ALL GROUPS,2014M12,Index,2022M3,129.9171666
ALL GROUPS,2014M12,Index,2022M4,132.8982247
ALL GROUPS,2014M12,Index,2022M5,134.85
ALL GROUPS,2014M12,Index,2022M6,134.77
ALL GROUPS,2014M12,Index,2022M7,136.71
ALL GROUPS,2014M12,Index,2022M8,134.74
ALL GROUPS,2014M12,Index,2022M9,135.28
ALL GROUPS,2014M12,Index,2022M10,135.2
ALL GROUPS,2014M12,Index,2022M11,135.37
ALL GROUPS,2014M12,Index,2022M12,134.68
ALL GROUPS,2014M12,Index,2023M1,133.99
ALL GROUPS,2014M12,Index,2023M2,134.54
ALL GROUPS,2014M12,Index,2023M3,137.29
ALL GROUPS,2014M12,Index,2023M4,141.08
ALL GROUPS,2014M12,Index,2023M5,143.73
ALL GROUPS,2014M12,Index,2023M6,143.72
ALL GROUPS,2014M12,Index,2023M7,144.89
ALL GROUPS,2014M12,Index,2023M8,142.58
ALL GROUPS,2014M12,Index,2023M9,142.65
ALL GROUPS,2014M12,Index,2023M10,143.59
ALL GROUPS,2014M12,Index,2023M11,144.92
ALL GROUPS,2014M12,Index,2023M12,143.57
ALL GROUPS,2014M12,Index,2024M1,142.28
ALL GROUPS,2014M12,Index,2024M2,142.14
ALL GROUPS,2014M12,Index,2024M3,145.34
ALL GROUPS,2014M12,Index,2024M4,148.42
ALL GROUPS,2014M12,Index,2024M5,150.64
ALL GROUPS,2014M12,Index,2024M6,151.35
ALL GROUPS,2014M12,Index,2024M7,152.92
ALL GROUPS,2014M12,Index,2024M8,151.04
ALL GROUPS,2014M12,Index,2024M9,151.39
ALL GROUPS,2014M12,Index,2024M10,151.96
ALL GROUPS,2014M12,Index,2024M11,152.46
ALL GROUPS,2014M12,Index,2024M12,151.57
FOOD AND NON ALCOHOLIC BEVERAGES,2014M12,Index,2014M12,100
FOOD AND NON ALCOHOLIC BEVERAGES,2014M12,Index,2015M1,97.04476809
FOOD AND NON ALCOHOLIC BEVERAGES,2014M12,Index,2015M2,97.71957631
FOOD AND NON ALCOHOLIC BEVERAGES,2014M12,Index,2015M3,99.47804635
FOOD AND NON ALCOHOLIC BEVERAGES,2014M12,Index,2015M4,99.57529474
FOOD AND NON ALCOHOLIC BEVERAGES,2014M12,Index,2015M5,99.38179661
FOOD AND NON ALCOHOLIC BEVERAGES,2014M12,Index,2015M6,99.38096122
FOOD AND NON ALCOHOLIC BEVERAGES,2014M12,Index,2015M7,103.5493829
FOOD AND NON ALCOHOLIC BEVERAGES,2014M12,Index,2015M8,105.8455384
FOOD AND NON ALCOHOLIC BEVERAGES,2014M12,Index,2015M9,105.881298
FOOD AND NON ALCOHOLIC BEVERAGES,2014M12,Index,2015M10,99.54908487
FOOD AND NON ALCOHOLIC BEVERAGES,2014M12,Index,2015M11,99.54512428
FOOD AND NON ALCOHOLIC BEVERAGES,2014M12,Index,2015M12,99.90649522
FOOD AND NON ALCOHOLIC BEVERAGES,2014M12,Index,2016M1,97.32292539
FOOD AND NON ALCOHOLIC BEVERAGES,2014M12,Index,2016M2,97.44617784
FOOD AND NON ALCOHOLIC BEVERAGES,2014M12,Index,2016M3,97.51104292
FOOD AND NON ALCOHOLIC BEVERAGES,2014M12,Index,2016M4,101.7782359
FOOD AND NON ALCOHOLIC BEVERAGES,2014M12,Index,2016M5,102.3843725
FOOD AND NON ALCOHOLIC BEVERAGES,2014M12,Index,2016M6,102.599039
FOOD AND NON ALCOHOLIC BEVERAGES,2014M12,Index,2016M7,103.4805582
FOOD AND NON ALCOHOLIC BEVERAGES,2014M12,Index,2016M8,103.3895226
FOOD AND NON ALCOHOLIC BEVERAGES,2014M12,Index,2016M9,103.1576556
FOOD AND NON ALCOHOLIC BEVERAGES,2014M12,Index,2016M10,101.0524148
FOOD AND NON ALCOHOLIC BEVERAGES,2014M12,Index,2016M11,103.3691171
FOOD AND NON ALCOHOLIC BEVERAGES,2014M12,Index,2016M12,103.5889839
FOOD AND NON ALCOHOLIC BEVERAGES,2014M12,Index,2017M1,101.8362693
FOOD AND NON ALCOHOLIC BEVERAGES,2014M12,Index,2017M2,99.66905531
FOOD AND NON ALCOHOLIC BEVERAGES,2014M12,Index,2017M3,100.2199374
FOOD AND NON ALCOHOLIC BEVERAGES,2014M12,Index,2017M4,103.2048019
FOOD AND NON ALCOHOLIC BEVERAGES,2014M12,Index,2017M5,106.1558204
FOOD AND NON ALCOHOLIC BEVERAGES,2014M12,Index,2017M6,107.5066876
FOOD AND NON ALCOHOLIC BEVERAGES,2014M12,Index,2017M7,107.9649036
FOOD AND NON ALCOHOLIC BEVERAGES,2014M12,Index,2017M8,107.7682217
FOOD AND NON ALCOHOLIC BEVERAGES,2014M12,Index,2017M9,109.3723902
FOOD AND NON ALCOHOLIC BEVERAGES,2014M12,Index,2017M10,109.5700034
FOOD AND NON ALCOHOLIC BEVERAGES,2014M12,Index,2017M11,110.3963817
FOOD AND NON ALCOHOLIC BEVERAGES,2014M12,Index,2017M12,110.315799
FOOD AND NON ALCOHOLIC BEVERAGES,2014M12,Index,2018M1,108.6713593
FOOD AND NON ALCOHOLIC BEVERAGES,2014M12,Index,2018M2,110.7955729
FOOD AND NON ALCOHOLIC BEVERAGES,2014M12,Index,2018M3,110.9396964
FOOD AND NON ALCOHOLIC BEVERAGES,2014M12,Index,2018M4,114.0177752
FOOD AND NON ALCOHOLIC BEVERAGES,2014M12,Index,2018M5,116.7898925
FOOD AND NON ALCOHOLIC BEVERAGES,2014M12,Index,2018M6,115.5104185
FOOD AND NON ALCOHOLIC BEVERAGES,2014M12,Index,2018M7,114.4164991
FOOD AND NON ALCOHOLIC BEVERAGES,2014M12,Index,2018M8,114.7385814
FOOD AND NON ALCOHOLIC BEVERAGES,2014M12,Index,2018M9,115.3579114
FOOD AND NON ALCOHOLIC BEVERAGES,2014M12,Index,2018M10,115.8507549
FOOD AND NON ALCOHOLIC BEVERAGES,2014M12,Index,2018M11,116.8268906
FOOD AND NON ALCOHOLIC BEVERAGES,2014M12,Index,2018M12,116.8880619
FOOD AND NON ALCOHOLIC BEVERAGES,2014M12,Index,2019M1,113.6203763
FOOD AND NON ALCOHOLIC BEVERAGES,2014M12,Index,2019M2,112.6474685
FOOD AND NON ALCOHOLIC BEVERAGES,2014M12,Index,2019M3,112.0386696
FOOD AND NON ALCOHOLIC BEVERAGES,2014M12,Index,2019M4,120.4185396
FOOD AND NON ALCOHOLIC BEVERAGES,2014M12,Index,2019M5,125.147531
FOOD AND NON ALCOHOLIC BEVERAGES,2014M12,Index,2019M6,127.7090716
FOOD AND NON ALCOHOLIC BEVERAGES,2014M12,Index,2019M7,125.595514
FOOD AND NON ALCOHOLIC BEVERAGES,2014M12,Index,2019M8,123.0350078
FOOD AND NON ALCOHOLIC BEVERAGES,2014M12,Index,2019M9,124.7292117
FOOD AND NON ALCOHOLIC BEVERAGES,2014M12,Index,2019M10,124.7040768
FOOD AND NON ALCOHOLIC BEVERAGES,2014M12,Index,2019M11,124.5486418
FOOD AND NON ALCOHOLIC BEVERAGES,2014M12,Index,2019M12,121.3273681
FOOD AND NON ALCOHOLIC BEVERAGES,2014M12,Index,2020M1,118.0640661
FOOD AND NON ALCOHOLIC BEVERAGES,2014M12,Index,2020M2,119.831981
FOOD AND NON ALCOHOLIC BEVERAGES,2014M12,Index,2020M3,124.1885667
FOOD AND NON ALCOHOLIC BEVERAGES,2014M12,Index,2020M4,130.1705382
FOOD AND NON ALCOHOLIC BEVERAGES,2014M12,Index,2020M5,132.0277223
FOOD AND NON ALCOHOLIC BEVERAGES,2014M12,Index,2020M6,130.024154
FOOD AND NON ALCOHOLIC BEVERAGES,2014M12,Index,2020M7,123.4126089
FOOD AND NON ALCOHOLIC BEVERAGES,2014M12,Index,2020M8,120.3198185
FOOD AND NON ALCOHOLIC BEVERAGES,2014M12,Index,2020M9,120.8527818
FOOD AND NON ALCOHOLIC BEVERAGES,2014M12,Index,2020M10,120.2246283
FOOD AND NON ALCOHOLIC BEVERAGES,2014M12,Index,2020M11,121.5124906
FOOD AND NON ALCOHOLIC BEVERAGES,2014M12,Index,2020M12,122.8305467
FOOD AND NON ALCOHOLIC BEVERAGES,2014M12,Index,2021M1,119.46
FOOD AND NON ALCOHOLIC BEVERAGES,2014M12,Index,2021M2,119.85
FOOD AND NON ALCOHOLIC BEVERAGES,2014M12,Index,2021M3,123.81
FOOD AND NON ALCOHOLIC BEVERAGES,2014M12,Index,2021M4,127.68
FOOD AND NON ALCOHOLIC BEVERAGES,2014M12,Index,2021M5,129.42
FOOD AND NON ALCOHOLIC BEVERAGES,2014M12,Index,2021M6,127.51
FOOD AND NON ALCOHOLIC BEVERAGES,2014M12,Index,2021M7,129.24
FOOD AND NON ALCOHOLIC BEVERAGES,2014M12,Index,2021M8,127.43
FOOD AND NON ALCOHOLIC BEVERAGES,2014M12,Index,2021M9,128.16
FOOD AND NON ALCOHOLIC BEVERAGES,2014M12,Index,2021M10,128.7623535
FOOD AND NON ALCOHOLIC BEVERAGES,2014M12,Index,2021M11,130.5263201
FOOD AND NON ALCOHOLIC BEVERAGES,2014M12,Index,2021M12,131.9078192
FOOD AND NON ALCOHOLIC BEVERAGES,2014M12,Index,2022M1,133.3543823
FOOD AND NON ALCOHOLIC BEVERAGES,2014M12,Index,2022M2,135.008163
FOOD AND NON ALCOHOLIC BEVERAGES,2014M12,Index,2022M3,138.6313068
FOOD AND NON ALCOHOLIC BEVERAGES,2014M12,Index,2022M4,142.8994396
FOOD AND NON ALCOHOLIC BEVERAGES,2014M12,Index,2022M5,148.49
FOOD AND NON ALCOHOLIC BEVERAGES,2014M12,Index,2022M6,149.01
FOOD AND NON ALCOHOLIC BEVERAGES,2014M12,Index,2022M7,151.9
FOOD AND NON ALCOHOLIC BEVERAGES,2014M12,Index,2022M8,148.7
FOOD AND NON ALCOHOLIC BEVERAGES,2014M12,Index,2022M9,148.8
FOOD AND NON ALCOHOLIC BEVERAGES,2014M12,Index,2022M10,148.13
FOOD AND NON ALCOHOLIC BEVERAGES,2014M12,Index,2022M11,147.14
FOOD AND NON ALCOHOLIC BEVERAGES,2014M12,Index,2022M12,144.36
FOOD AND NON ALCOHOLIC BEVERAGES,2014M12,Index,2023M1,142.32
FOOD AND NON ALCOHOLIC BEVERAGES,2014M12,Index,2023M2,142.32
FOOD AND NON ALCOHOLIC BEVERAGES,2014M12,Index,2023M3,145.61
FOOD AND NON ALCOHOLIC BEVERAGES,2014M12,Index,2023M4,152.33
FOOD AND NON ALCOHOLIC BEVERAGES,2014M12,Index,2023M5,151.85
FOOD AND NON ALCOHOLIC BEVERAGES,2014M12,Index,2023M6,149.54
FOOD AND NON ALCOHOLIC BEVERAGES,2014M12,Index,2023M7,150.1
FOOD AND NON ALCOHOLIC BEVERAGES,2014M12,Index,2023M8,145.6
FOOD AND NON ALCOHOLIC BEVERAGES,2014M12,Index,2023M9,142.75
FOOD AND NON ALCOHOLIC BEVERAGES,2014M12,Index,2023M10,140.43
FOOD AND NON ALCOHOLIC BEVERAGES,2014M12,Index,2023M11,144.56
FOOD AND NON ALCOHOLIC BEVERAGES,2014M12,Index,2023M12,141.32
FOOD AND NON ALCOHOLIC BEVERAGES,2014M12,Index,2024M1,140.88
FOOD AND NON ALCOHOLIC BEVERAGES,2014M12,Index,2024M2,140.78
FOOD AND NON ALCOHOLIC BEVERAGES,2014M12,Index,2024M3,142.63
FOOD AND NON ALCOHOLIC BEVERAGES,2014M12,Index,2024M4,146.28
FOOD AND NON ALCOHOLIC BEVERAGES,2014M12,Index,2024M5,151.88
FOOD AND NON ALCOHOLIC BEVERAGES,2014M12,Index,2024M6,149.44
FOOD AND NON ALCOHOLIC BEVERAGES,2014M12,Index,2024M7,148.32
FOOD AND NON ALCOHOLIC BEVERAGES,2014M12,Index,2024M8,144.14
FOOD AND NON ALCOHOLIC BEVERAGES,2014M12,Index,2024M9,142.54
FOOD AND NON ALCOHOLIC BEVERAGES,2014M12,Index,2024M10,141.28
FOOD AND NON ALCOHOLIC BEVERAGES,2014M12,Index,2024M11,140.62
FOOD AND NON ALCOHOLIC BEVERAGES,2014M12,Index,2024M12,139.21
"ALCOHOLIC BEVERAGES, TOBACCO AND NARCOTICS",2014M12,Index,2014M12,100
"ALCOHOLIC BEVERAGES, TOBACCO AND NARCOTICS",2014M12,Index,2015M1,91.04764497
"ALCOHOLIC BEVERAGES, TOBACCO AND NARCOTICS",2014M12,Index,2015M2,91.04764497
"ALCOHOLIC BEVERAGES, TOBACCO AND NARCOTICS",2014M12,Index,2015M3,94.16572522
"ALCOHOLIC BEVERAGES, TOBACCO AND NARCOTICS",2014M12,Index,2015M4,94.16572522
"ALCOHOLIC BEVERAGES, TOBACCO AND NARCOTICS",2014M12,Index,2015M5,98.17468555
"ALCOHOLIC BEVERAGES, TOBACCO AND NARCOTICS",2014M12,Index,2015M6,98.17468555
"ALCOHOLIC BEVERAGES, TOBACCO AND NARCOTICS",2014M12,Index,2015M7,100.068924
"ALCOHOLIC BEVERAGES, TOBACCO AND NARCOTICS",2014M12,Index,2015M8,100.068924
"ALCOHOLIC BEVERAGES, TOBACCO AND NARCOTICS",2014M12,Index,2015M9,100.068924
"ALCOHOLIC BEVERAGES, TOBACCO AND NARCOTICS",2014M12,Index,2015M10,98.70966093
"ALCOHOLIC BEVERAGES, TOBACCO AND NARCOTICS",2014M12,Index,2015M11,98.17468555
"ALCOHOLIC BEVERAGES, TOBACCO AND NARCOTICS",2014M12,Index,2015M12,98.7537576
"ALCOHOLIC BEVERAGES, TOBACCO AND NARCOTICS",2014M12,Index,2016M1,104.7244434
"ALCOHOLIC BEVERAGES, TOBACCO AND NARCOTICS",2014M12,Index,2016M2,97.59740285
"ALCOHOLIC BEVERAGES, TOBACCO AND NARCOTICS",2014M12,Index,2016M3,104.7244434
"ALCOHOLIC BEVERAGES, TOBACCO AND NARCOTICS",2014M12,Index,2016M4,107.1616972
"ALCOHOLIC BEVERAGES, TOBACCO AND NARCOTICS",2014M12,Index,2016M5,107.1616972
"ALCOHOLIC BEVERAGES, TOBACCO AND NARCOTICS",2014M12,Index,2016M6,107.1751052
"ALCOHOLIC BEVERAGES, TOBACCO AND NARCOTICS",2014M12,Index,2016M7,107.1751052
"ALCOHOLIC BEVERAGES, TOBACCO AND NARCOTICS",2014M12,Index,2016M8,103.6115849
"ALCOHOLIC BEVERAGES, TOBACCO AND NARCOTICS",2014M12,Index,2016M9,102.8988808
"ALCOHOLIC BEVERAGES, TOBACCO AND NARCOTICS",2014M12,Index,2016M10,103.1470929
"ALCOHOLIC BEVERAGES, TOBACCO AND NARCOTICS",2014M12,Index,2016M11,103.3599648
"ALCOHOLIC BEVERAGES, TOBACCO AND NARCOTICS",2014M12,Index,2016M12,103.1470929
"ALCOHOLIC BEVERAGES, TOBACCO AND NARCOTICS",2014M12,Index,2017M1,104.188126
"ALCOHOLIC BEVERAGES, TOBACCO AND NARCOTICS",2014M12,Index,2017M2,102.4063659
"ALCOHOLIC BEVERAGES, TOBACCO AND NARCOTICS",2014M12,Index,2017M3,104.188126
"ALCOHOLIC BEVERAGES, TOBACCO AND NARCOTICS",2014M12,Index,2017M4,102.4063659
"ALCOHOLIC BEVERAGES, TOBACCO AND NARCOTICS",2014M12,Index,2017M5,102.4063659
"ALCOHOLIC BEVERAGES, TOBACCO AND NARCOTICS",2014M12,Index,2017M6,111.3151666
"ALCOHOLIC BEVERAGES, TOBACCO AND NARCOTICS",2014M12,Index,2017M7,111.3151666
"ALCOHOLIC BEVERAGES, TOBACCO AND NARCOTICS",2014M12,Index,2017M8,120.1759603
"ALCOHOLIC BEVERAGES, TOBACCO AND NARCOTICS",2014M12,Index,2017M9,130.5686655
"ALCOHOLIC BEVERAGES, TOBACCO AND NARCOTICS",2014M12,Index,2017M10,130.5686655
"ALCOHOLIC BEVERAGES, TOBACCO AND NARCOTICS",2014M12,Index,2017M11,131.5523935
"ALCOHOLIC BEVERAGES, TOBACCO AND NARCOTICS",2014M12,Index,2017M12,130.5686655
"ALCOHOLIC BEVERAGES, TOBACCO AND NARCOTICS",2014M12,Index,2018M1,130.4661014
"ALCOHOLIC BEVERAGES, TOBACCO AND NARCOTICS",2014M12,Index,2018M2,135.8113819
"ALCOHOLIC BEVERAGES, TOBACCO AND NARCOTICS",2014M12,Index,2018M3,121.5573007
"ALCOHOLIC BEVERAGES, TOBACCO AND NARCOTICS",2014M12,Index,2018M4,110.699782
"ALCOHOLIC BEVERAGES, TOBACCO AND NARCOTICS",2014M12,Index,2018M5,114.8786869
"ALCOHOLIC BEVERAGES, TOBACCO AND NARCOTICS",2014M12,Index,2018M6,110.0843974
"ALCOHOLIC BEVERAGES, TOBACCO AND NARCOTICS",2014M12,Index,2018M7,115.4296778
"ALCOHOLIC BEVERAGES, TOBACCO AND NARCOTICS",2014M12,Index,2018M8,115.4296778
"ALCOHOLIC BEVERAGES, TOBACCO AND NARCOTICS",2014M12,Index,2018M9,122.890634
"ALCOHOLIC BEVERAGES, TOBACCO AND NARCOTICS",2014M12,Index,2018M10,127.0622022
"ALCOHOLIC BEVERAGES, TOBACCO AND NARCOTICS",2014M12,Index,2018M11,125.8149701
"ALCOHOLIC BEVERAGES, TOBACCO AND NARCOTICS",2014M12,Index,2018M12,124.389562
"ALCOHOLIC BEVERAGES, TOBACCO AND NARCOTICS",2014M12,Index,2019M1,127.6849236
"ALCOHOLIC BEVERAGES, TOBACCO AND NARCOTICS",2014M12,Index,2019M2,138.0191324
"ALCOHOLIC BEVERAGES, TOBACCO AND NARCOTICS",2014M12,Index,2019M3,141.9390047
"ALCOHOLIC BEVERAGES, TOBACCO AND NARCOTICS",2014M12,Index,2019M4,143.7207649
"ALCOHOLIC BEVERAGES, TOBACCO AND NARCOTICS",2014M12,Index,2019M5,143.7207649
"ALCOHOLIC BEVERAGES, TOBACCO AND NARCOTICS",2014M12,Index,2019M6,139.2723381
"ALCOHOLIC BEVERAGES, TOBACCO AND NARCOTICS",2014M12,Index,2019M7,138.7379514
"ALCOHOLIC BEVERAGES, TOBACCO AND NARCOTICS",2014M12,Index,2019M8,144.6176185
"ALCOHOLIC BEVERAGES, TOBACCO AND NARCOTICS",2014M12,Index,2019M9,146.9503696
"ALCOHOLIC BEVERAGES, TOBACCO AND NARCOTICS",2014M12,Index,2019M10,142.15608
"ALCOHOLIC BEVERAGES, TOBACCO AND NARCOTICS",2014M12,Index,2019M11,142.15608
"ALCOHOLIC BEVERAGES, TOBACCO AND NARCOTICS",2014M12,Index,2019M12,142.15608
"ALCOHOLIC BEVERAGES, TOBACCO AND NARCOTICS",2014M12,Index,2020M1,136.8107996
"ALCOHOLIC BEVERAGES, TOBACCO AND NARCOTICS",2014M12,Index,2020M2,137.0789583
"ALCOHOLIC BEVERAGES, TOBACCO AND NARCOTICS",2014M12,Index,2020M3,137.0789583
"ALCOHOLIC BEVERAGES, TOBACCO AND NARCOTICS",2014M12,Index,2020M4,137.0789583
"ALCOHOLIC BEVERAGES, TOBACCO AND NARCOTICS",2014M12,Index,2020M5,137.0789583
"ALCOHOLIC BEVERAGES, TOBACCO AND NARCOTICS",2014M12,Index,2020M6,137.0789583
"ALCOHOLIC BEVERAGES, TOBACCO AND NARCOTICS",2014M12,Index,2020M7,137.0789583
"ALCOHOLIC BEVERAGES, TOBACCO AND NARCOTICS",2014M12,Index,2020M8,137.347117
"ALCOHOLIC BEVERAGES, TOBACCO AND NARCOTICS",2014M12,Index,2020M9,137.347117
"ALCOHOLIC BEVERAGES, TOBACCO AND NARCOTICS",2014M12,Index,2020M10,137.347117
"ALCOHOLIC BEVERAGES, TOBACCO AND NARCOTICS",2014M12,Index,2020M11,137.347117
"ALCOHOLIC BEVERAGES, TOBACCO AND NARCOTICS",2014M12,Index,2020M12,125.606055
"ALCOHOLIC BEVERAGES, TOBACCO AND NARCOTICS",2014M12,Index,2021M1,125.61
"ALCOHOLIC BEVERAGES, TOBACCO AND NARCOTICS",2014M12,Index,2021M2,128.44
"ALCOHOLIC BEVERAGES, TOBACCO AND NARCOTICS",2014M12,Index,2021M3,128.44
"ALCOHOLIC BEVERAGES, TOBACCO AND NARCOTICS",2014M12,Index,2021M4,128.44
"ALCOHOLIC BEVERAGES, TOBACCO AND NARCOTICS",2014M12,Index,2021M5,128.44
"ALCOHOLIC BEVERAGES, TOBACCO AND NARCOTICS",2014M12,Index,2021M6,128.44
"ALCOHOLIC BEVERAGES, TOBACCO AND NARCOTICS",2014M12,Index,2021M7,128.44
"ALCOHOLIC BEVERAGES, TOBACCO AND NARCOTICS",2014M12,Index,2021M8,113.1
"ALCOHOLIC BEVERAGES, TOBACCO AND NARCOTICS",2014M12,Index,2021M9,110.62
"ALCOHOLIC BEVERAGES, TOBACCO AND NARCOTICS",2014M12,Index,2021M10,108.8389546
"ALCOHOLIC BEVERAGES, TOBACCO AND NARCOTICS",2014M12,Index,2021M11,108.8389546
"ALCOHOLIC BEVERAGES, TOBACCO AND NARCOTICS",2014M12,Index,2021M12,99.83480321
"ALCOHOLIC BEVERAGES, TOBACCO AND NARCOTICS",2014M12,Index,2022M1,90.92600248
"ALCOHOLIC BEVERAGES, TOBACCO AND NARCOTICS",2014M12,Index,2022M2,86.47160211
"ALCOHOLIC BEVERAGES, TOBACCO AND NARCOTICS",2014M12,Index,2022M3,86.47160211
"ALCOHOLIC BEVERAGES, TOBACCO AND NARCOTICS",2014M12,Index,2022M4,86.47160211
"ALCOHOLIC BEVERAGES, TOBACCO AND NARCOTICS",2014M12,Index,2022M5,82.02
"ALCOHOLIC BEVERAGES, TOBACCO AND NARCOTICS",2014M12,Index,2022M6,82.02
"ALCOHOLIC BEVERAGES, TOBACCO AND NARCOTICS",2014M12,Index,2022M7,82.02
"ALCOHOLIC BEVERAGES, TOBACCO AND NARCOTICS",2014M12,Index,2022M8,90.93
"ALCOHOLIC BEVERAGES, TOBACCO AND NARCOTICS",2014M12,Index,2022M9,90.93
"ALCOHOLIC BEVERAGES, TOBACCO AND NARCOTICS",2014M12,Index,2022M10,107.66
"ALCOHOLIC BEVERAGES, TOBACCO AND NARCOTICS",2014M12,Index,2022M11,111.66
"ALCOHOLIC BEVERAGES, TOBACCO AND NARCOTICS",2014M12,Index,2022M12,115.22
"ALCOHOLIC BEVERAGES, TOBACCO AND NARCOTICS",2014M12,Index,2023M1,124.13
"ALCOHOLIC BEVERAGES, TOBACCO AND NARCOTICS",2014M12,Index,2023M2,159.76
"ALCOHOLIC BEVERAGES, TOBACCO AND NARCOTICS",2014M12,Index,2023M3,159.76
"ALCOHOLIC BEVERAGES, TOBACCO AND NARCOTICS",2014M12,Index,2023M4,159.76
"ALCOHOLIC BEVERAGES, TOBACCO AND NARCOTICS",2014M12,Index,2023M5,162.88
"ALCOHOLIC BEVERAGES, TOBACCO AND NARCOTICS",2014M12,Index,2023M6,162.88
"ALCOHOLIC BEVERAGES, TOBACCO AND NARCOTICS",2014M12,Index,2023M7,167.33
"ALCOHOLIC BEVERAGES, TOBACCO AND NARCOTICS",2014M12,Index,2023M8,167.33
"ALCOHOLIC BEVERAGES, TOBACCO AND NARCOTICS",2014M12,Index,2023M9,167.33
"ALCOHOLIC BEVERAGES, TOBACCO AND NARCOTICS",2014M12,Index,2023M10,167.33
"ALCOHOLIC BEVERAGES, TOBACCO AND NARCOTICS",2014M12,Index,2023M11,168.67
"ALCOHOLIC BEVERAGES, TOBACCO AND NARCOTICS",2014M12,Index,2023M12,173.8
"ALCOHOLIC BEVERAGES, TOBACCO AND NARCOTICS",2014M12,Index,2024M1,173.8
"ALCOHOLIC BEVERAGES, TOBACCO AND NARCOTICS",2014M12,Index,2024M2,173.8
"ALCOHOLIC BEVERAGES, TOBACCO AND NARCOTICS",2014M12,Index,2024M3,173.8
"ALCOHOLIC BEVERAGES, TOBACCO AND NARCOTICS",2014M12,Index,2024M4,173.8
"ALCOHOLIC BEVERAGES, TOBACCO AND NARCOTICS",2014M12,Index,2024M5,173.8
"ALCOHOLIC BEVERAGES, TOBACCO AND NARCOTICS",2014M12,Index,2024M6,156.39
"ALCOHOLIC BEVERAGES, TOBACCO AND NARCOTICS",2014M12,Index,2024M7,146.9
"ALCOHOLIC BEVERAGES, TOBACCO AND NARCOTICS",2014M12,Index,2024M8,146.9
"ALCOHOLIC BEVERAGES, TOBACCO AND NARCOTICS",2014M12,Index,2024M9,146.9
"ALCOHOLIC BEVERAGES, TOBACCO AND NARCOTICS",2014M12,Index,2024M10,141.55
"ALCOHOLIC BEVERAGES, TOBACCO AND NARCOTICS",2014M12,Index,2024M11,141.55
"ALCOHOLIC BEVERAGES, TOBACCO AND NARCOTICS",2014M12,Index,2024M12,141.55
CLOTHING AND FOOTWEAR,2014M12,Index,2014M12,100
CLOTHING AND FOOTWEAR,2014M12,Index,2015M1,100.261234
CLOTHING AND FOOTWEAR,2014M12,Index,2015M2,99.85168141
CLOTHING AND FOOTWEAR,2014M12,Index,2015M3,100.0030432
CLOTHING AND FOOTWEAR,2014M12,Index,2015M4,100.0030432
CLOTHING AND FOOTWEAR,2014M12,Index,2015M5,100.0338412
CLOTHING AND FOOTWEAR,2014M12,Index,2015M6,100.0338412
CLOTHING AND FOOTWEAR,2014M12,Index,2015M7,102.1840173
CLOTHING AND FOOTWEAR,2014M12,Index,2015M8,102.7251149
CLOTHING AND FOOTWEAR,2014M12,Index,2015M9,102.7273116
CLOTHING AND FOOTWEAR,2014M12,Index,2015M10,100.2640694
CLOTHING AND FOOTWEAR,2014M12,Index,2015M11,99.95082594
CLOTHING AND FOOTWEAR,2014M12,Index,2015M12,100.0402682
CLOTHING AND FOOTWEAR,2014M12,Index,2016M1,98.85804078
CLOTHING AND FOOTWEAR,2014M12,Index,2016M2,99.69560316
CLOTHING AND FOOTWEAR,2014M12,Index,2016M3,98.80745191
CLOTHING AND FOOTWEAR,2014M12,Index,2016M4,99.43042052
CLOTHING AND FOOTWEAR,2014M12,Index,2016M5,99.17476326
CLOTHING AND FOOTWEAR,2014M12,Index,2016M6,99.61483696
CLOTHING AND FOOTWEAR,2014M12,Index,2016M7,99.61483696
CLOTHING AND FOOTWEAR,2014M12,Index,2016M8,99.61483696
CLOTHING AND FOOTWEAR,2014M12,Index,2016M9,99.61483696
CLOTHING AND FOOTWEAR,2014M12,Index,2016M10,100.7655966
CLOTHING AND FOOTWEAR,2014M12,Index,2016M11,100.0974136
CLOTHING AND FOOTWEAR,2014M12,Index,2016M12,100.7655966
CLOTHING AND FOOTWEAR,2014M12,Index,2017M1,99.9482347
CLOTHING AND FOOTWEAR,2014M12,Index,2017M2,99.71642477
CLOTHING AND FOOTWEAR,2014M12,Index,2017M3,100.3817387
CLOTHING AND FOOTWEAR,2014M12,Index,2017M4,102.8037413
CLOTHING AND FOOTWEAR,2014M12,Index,2017M5,102.9256089
CLOTHING AND FOOTWEAR,2014M12,Index,2017M6,103.444637
CLOTHING AND FOOTWEAR,2014M12,Index,2017M7,101.4976302
CLOTHING AND FOOTWEAR,2014M12,Index,2017M8,99.95743337
CLOTHING AND FOOTWEAR,2014M12,Index,2017M9,100.5205784
CLOTHING AND FOOTWEAR,2014M12,Index,2017M10,100.6650388
CLOTHING AND FOOTWEAR,2014M12,Index,2017M11,100.6007424
CLOTHING AND FOOTWEAR,2014M12,Index,2017M12,100.5692056
CLOTHING AND FOOTWEAR,2014M12,Index,2018M1,100.1556261
CLOTHING AND FOOTWEAR,2014M12,Index,2018M2,100.1556261
CLOTHING AND FOOTWEAR,2014M12,Index,2018M3,100.167879
CLOTHING AND FOOTWEAR,2014M12,Index,2018M4,100.025467
CLOTHING AND FOOTWEAR,2014M12,Index,2018M5,103.0621633
CLOTHING AND FOOTWEAR,2014M12,Index,2018M6,109.9085352
CLOTHING AND FOOTWEAR,2014M12,Index,2018M7,103.4706158
CLOTHING AND FOOTWEAR,2014M12,Index,2018M8,108.4925895
CLOTHING AND FOOTWEAR,2014M12,Index,2018M9,108.5625888
CLOTHING AND FOOTWEAR,2014M12,Index,2018M10,108.4692951
CLOTHING AND FOOTWEAR,2014M12,Index,2018M11,108.3521361
CLOTHING AND FOOTWEAR,2014M12,Index,2018M12,108.8806241
CLOTHING AND FOOTWEAR,2014M12,Index,2019M1,108.8465592
CLOTHING AND FOOTWEAR,2014M12,Index,2019M2,109.8540485
CLOTHING AND FOOTWEAR,2014M12,Index,2019M3,111.4409581
CLOTHING AND FOOTWEAR,2014M12,Index,2019M4,112.6129332
CLOTHING AND FOOTWEAR,2014M12,Index,2019M5,121.4997508
CLOTHING AND FOOTWEAR,2014M12,Index,2019M6,121.4997508
CLOTHING AND FOOTWEAR,2014M12,Index,2019M7,120.5962163
CLOTHING AND FOOTWEAR,2014M12,Index,2019M8,121.3576054
CLOTHING AND FOOTWEAR,2014M12,Index,2019M9,120.5984847
CLOTHING AND FOOTWEAR,2014M12,Index,2019M10,120.6788306
CLOTHING AND FOOTWEAR,2014M12,Index,2019M11,120.6788306
CLOTHING AND FOOTWEAR,2014M12,Index,2019M12,120.6788306
CLOTHING AND FOOTWEAR,2014M12,Index,2020M1,121.8875358
CLOTHING AND FOOTWEAR,2014M12,Index,2020M2,121.8875358
CLOTHING AND FOOTWEAR,2014M12,Index,2020M3,121.8875358
CLOTHING AND FOOTWEAR,2014M12,Index,2020M4,121.8875358
CLOTHING AND FOOTWEAR,2014M12,Index,2020M5,138.762515
CLOTHING AND FOOTWEAR,2014M12,Index,2020M6,138.762515
CLOTHING AND FOOTWEAR,2014M12,Index,2020M7,169.0949455
CLOTHING AND FOOTWEAR,2014M12,Index,2020M8,143.3746944
CLOTHING AND FOOTWEAR,2014M12,Index,2020M9,144.6593387
CLOTHING AND FOOTWEAR,2014M12,Index,2020M10,144.6593387
CLOTHING AND FOOTWEAR,2014M12,Index,2020M11,144.6593387
CLOTHING AND FOOTWEAR,2014M12,Index,2020M12,143.6853122
CLOTHING AND FOOTWEAR,2014M12,Index,2021M1,144.97
CLOTHING AND FOOTWEAR,2014M12,Index,2021M2,145.31
CLOTHING AND FOOTWEAR,2014M12,Index,2021M3,145.31
CLOTHING AND FOOTWEAR,2014M12,Index,2021M4,148.16
CLOTHING AND FOOTWEAR,2014M12,Index,2021M5,155.6
CLOTHING AND FOOTWEAR,2014M12,Index,2021M6,155.6
CLOTHING AND FOOTWEAR,2014M12,Index,2021M7,155.6
CLOTHING AND FOOTWEAR,2014M12,Index,2021M8,162.91
CLOTHING AND FOOTWEAR,2014M12,Index,2021M9,155.6
CLOTHING AND FOOTWEAR,2014M12,Index,2021M10,155.6001672
CLOTHING AND FOOTWEAR,2014M12,Index,2021M11,155.6001672
CLOTHING AND FOOTWEAR,2014M12,Index,2021M12,149.6481265
CLOTHING AND FOOTWEAR,2014M12,Index,2022M1,149.1811636
CLOTHING AND FOOTWEAR,2014M12,Index,2022M2,147.5337085
CLOTHING AND FOOTWEAR,2014M12,Index,2022M3,147.5337085
CLOTHING AND FOOTWEAR,2014M12,Index,2022M4,159.5567658
CLOTHING AND FOOTWEAR,2014M12,Index,2022M5,147.53
CLOTHING AND FOOTWEAR,2014M12,Index,2022M6,147.53
CLOTHING AND FOOTWEAR,2014M12,Index,2022M7,159.56
CLOTHING AND FOOTWEAR,2014M12,Index,2022M8,147.53
CLOTHING AND FOOTWEAR,2014M12,Index,2022M9,148.08
CLOTHING AND FOOTWEAR,2014M12,Index,2022M10,148.46
CLOTHING AND FOOTWEAR,2014M12,Index,2022M11,148.93
CLOTHING AND FOOTWEAR,2014M12,Index,2022M12,148.98
CLOTHING AND FOOTWEAR,2014M12,Index,2023M1,149.71
CLOTHING AND FOOTWEAR,2014M12,Index,2023M2,151.47
CLOTHING AND FOOTWEAR,2014M12,Index,2023M3,152.13
CLOTHING AND FOOTWEAR,2014M12,Index,2023M4,165.84
CLOTHING AND FOOTWEAR,2014M12,Index,2023M5,154.14
CLOTHING AND FOOTWEAR,2014M12,Index,2023M6,168.14
CLOTHING AND FOOTWEAR,2014M12,Index,2023M7,169.47
CLOTHING AND FOOTWEAR,2014M12,Index,2023M8,168.72
CLOTHING AND FOOTWEAR,2014M12,Index,2023M9,169.47
CLOTHING AND FOOTWEAR,2014M12,Index,2023M10,169.52
CLOTHING AND FOOTWEAR,2014M12,Index,2023M11,169.52
CLOTHING AND FOOTWEAR,2014M12,Index,2023M12,169.78
CLOTHING AND FOOTWEAR,2014M12,Index,2024M1,169.59
CLOTHING AND FOOTWEAR,2014M12,Index,2024M2,168.74
CLOTHING AND FOOTWEAR,2014M12,Index,2024M3,212.37
CLOTHING AND FOOTWEAR,2014M12,Index,2024M4,219.99
CLOTHING AND FOOTWEAR,2014M12,Index,2024M5,200
CLOTHING AND FOOTWEAR,2014M12,Index,2024M6,209.96
CLOTHING AND FOOTWEAR,2014M12,Index,2024M7,200.08
CLOTHING AND FOOTWEAR,2014M12,Index,2024M8,206.87
CLOTHING AND FOOTWEAR,2014M12,Index,2024M9,208.96
CLOTHING AND FOOTWEAR,2014M12,Index,2024M10,209.57
CLOTHING AND FOOTWEAR,2014M12,Index,2024M11,210.29
CLOTHING AND FOOTWEAR,2014M12,Index,2024M12,208.52
"HOUSING, WATER, ELECTRICITY, GAS AND OTHER FUELS",2014M12,Index,2014M12,100
"HOUSING, WATER, ELECTRICITY, GAS AND OTHER FUELS",2014M12,Index,2015M1,94.83635282
"HOUSING, WATER, ELECTRICITY, GAS AND OTHER FUELS",2014M12,Index,2015M2,97.42482955
"HOUSING, WATER, ELECTRICITY, GAS AND OTHER FUELS",2014M12,Index,2015M3,99.16561286
"HOUSING, WATER, ELECTRICITY, GAS AND OTHER FUELS",2014M12,Index,2015M4,100.0180891
"HOUSING, WATER, ELECTRICITY, GAS AND OTHER FUELS",2014M12,Index,2015M5,100.4712004
"HOUSING, WATER, ELECTRICITY, GAS AND OTHER FUELS",2014M12,Index,2015M6,100.4712004
"HOUSING, WATER, ELECTRICITY, GAS AND OTHER FUELS",2014M12,Index,2015M7,106.0057244
"HOUSING, WATER, ELECTRICITY, GAS AND OTHER FUELS",2014M12,Index,2015M8,106.4678114
"HOUSING, WATER, ELECTRICITY, GAS AND OTHER FUELS",2014M12,Index,2015M9,106.4678114
"HOUSING, WATER, ELECTRICITY, GAS AND OTHER FUELS",2014M12,Index,2015M10,100.4504441
"HOUSING, WATER, ELECTRICITY, GAS AND OTHER FUELS",2014M12,Index,2015M11,100.2070315
"HOUSING, WATER, ELECTRICITY, GAS AND OTHER FUELS",2014M12,Index,2015M12,100.2547903
"HOUSING, WATER, ELECTRICITY, GAS AND OTHER FUELS",2014M12,Index,2016M1,102.0999046
"HOUSING, WATER, ELECTRICITY, GAS AND OTHER FUELS",2014M12,Index,2016M2,102.0999046
"HOUSING, WATER, ELECTRICITY, GAS AND OTHER FUELS",2014M12,Index,2016M3,102.0999046
"HOUSING, WATER, ELECTRICITY, GAS AND OTHER FUELS",2014M12,Index,2016M4,98.21908939
"HOUSING, WATER, ELECTRICITY, GAS AND OTHER FUELS",2014M12,Index,2016M5,97.58839564
"HOUSING, WATER, ELECTRICITY, GAS AND OTHER FUELS",2014M12,Index,2016M6,97.47936207
"HOUSING, WATER, ELECTRICITY, GAS AND OTHER FUELS",2014M12,Index,2016M7,97.47936207
"HOUSING, WATER, ELECTRICITY, GAS AND OTHER FUELS",2014M12,Index,2016M8,97.47936207
"HOUSING, WATER, ELECTRICITY, GAS AND OTHER FUELS",2014M12,Index,2016M9,97.52549591
"HOUSING, WATER, ELECTRICITY, GAS AND OTHER FUELS",2014M12,Index,2016M10,97.67471946
"HOUSING, WATER, ELECTRICITY, GAS AND OTHER FUELS",2014M12,Index,2016M11,103.6536663
"HOUSING, WATER, ELECTRICITY, GAS AND OTHER FUELS",2014M12,Index,2016M12,97.67471946
"HOUSING, WATER, ELECTRICITY, GAS AND OTHER FUELS",2014M12,Index,2017M1,103.6375139
"HOUSING, WATER, ELECTRICITY, GAS AND OTHER FUELS",2014M12,Index,2017M2,104.8911179
"HOUSING, WATER, ELECTRICITY, GAS AND OTHER FUELS",2014M12,Index,2017M3,104.827279
"HOUSING, WATER, ELECTRICITY, GAS AND OTHER FUELS",2014M12,Index,2017M4,102.8977654
"HOUSING, WATER, ELECTRICITY, GAS AND OTHER FUELS",2014M12,Index,2017M5,104.067467
"HOUSING, WATER, ELECTRICITY, GAS AND OTHER FUELS",2014M12,Index,2017M6,104.4751911
"HOUSING, WATER, ELECTRICITY, GAS AND OTHER FUELS",2014M12,Index,2017M7,104.4976425
"HOUSING, WATER, ELECTRICITY, GAS AND OTHER FUELS",2014M12,Index,2017M8,105.9858825
"HOUSING, WATER, ELECTRICITY, GAS AND OTHER FUELS",2014M12,Index,2017M9,105.8089185
"HOUSING, WATER, ELECTRICITY, GAS AND OTHER FUELS",2014M12,Index,2017M10,107.7732789
"HOUSING, WATER, ELECTRICITY, GAS AND OTHER FUELS",2014M12,Index,2017M11,106.8415478
"HOUSING, WATER, ELECTRICITY, GAS AND OTHER FUELS",2014M12,Index,2017M12,107.6095727
"HOUSING, WATER, ELECTRICITY, GAS AND OTHER FUELS",2014M12,Index,2018M1,105.8041671
"HOUSING, WATER, ELECTRICITY, GAS AND OTHER FUELS",2014M12,Index,2018M2,106.2393629
"HOUSING, WATER, ELECTRICITY, GAS AND OTHER FUELS",2014M12,Index,2018M3,106.4366344
"HOUSING, WATER, ELECTRICITY, GAS AND OTHER FUELS",2014M12,Index,2018M4,106.4168795
"HOUSING, WATER, ELECTRICITY, GAS AND OTHER FUELS",2014M12,Index,2018M5,106.4258372
"HOUSING, WATER, ELECTRICITY, GAS AND OTHER FUELS",2014M12,Index,2018M6,105.2865088
"HOUSING, WATER, ELECTRICITY, GAS AND OTHER FUELS",2014M12,Index,2018M7,104.9606153
"HOUSING, WATER, ELECTRICITY, GAS AND OTHER FUELS",2014M12,Index,2018M8,103.5519327
"HOUSING, WATER, ELECTRICITY, GAS AND OTHER FUELS",2014M12,Index,2018M9,106.9601381
"HOUSING, WATER, ELECTRICITY, GAS AND OTHER FUELS",2014M12,Index,2018M10,109.2177001
"HOUSING, WATER, ELECTRICITY, GAS AND OTHER FUELS",2014M12,Index,2018M11,109.2768842
"HOUSING, WATER, ELECTRICITY, GAS AND OTHER FUELS",2014M12,Index,2018M12,105.6188071
"HOUSING, WATER, ELECTRICITY, GAS AND OTHER FUELS",2014M12,Index,2019M1,105.6896988
"HOUSING, WATER, ELECTRICITY, GAS AND OTHER FUELS",2014M12,Index,2019M2,107.21781
"HOUSING, WATER, ELECTRICITY, GAS AND OTHER FUELS",2014M12,Index,2019M3,107.1859208
"HOUSING, WATER, ELECTRICITY, GAS AND OTHER FUELS",2014M12,Index,2019M4,107.6839544
"HOUSING, WATER, ELECTRICITY, GAS AND OTHER FUELS",2014M12,Index,2019M5,104.3040022
"HOUSING, WATER, ELECTRICITY, GAS AND OTHER FUELS",2014M12,Index,2019M6,101.7596269
"HOUSING, WATER, ELECTRICITY, GAS AND OTHER FUELS",2014M12,Index,2019M7,103.4737516
"HOUSING, WATER, ELECTRICITY, GAS AND OTHER FUELS",2014M12,Index,2019M8,103.4737516
"HOUSING, WATER, ELECTRICITY, GAS AND OTHER FUELS",2014M12,Index,2019M9,103.3315962
"HOUSING, WATER, ELECTRICITY, GAS AND OTHER FUELS",2014M12,Index,2019M10,103.3315962
"HOUSING, WATER, ELECTRICITY, GAS AND OTHER FUELS",2014M12,Index,2019M11,103.2594395
"HOUSING, WATER, ELECTRICITY, GAS AND OTHER FUELS",2014M12,Index,2019M12,103.2594395
"HOUSING, WATER, ELECTRICITY, GAS AND OTHER FUELS",2014M12,Index,2020M1,103.4015948
"HOUSING, WATER, ELECTRICITY, GAS AND OTHER FUELS",2014M12,Index,2020M2,103.8836087
"HOUSING, WATER, ELECTRICITY, GAS AND OTHER FUELS",2014M12,Index,2020M3,103.8836087
"HOUSING, WATER, ELECTRICITY, GAS AND OTHER FUELS",2014M12,Index,2020M4,103.8836087
"HOUSING, WATER, ELECTRICITY, GAS AND OTHER FUELS",2014M12,Index,2020M5,104.7540003
"HOUSING, WATER, ELECTRICITY, GAS AND OTHER FUELS",2014M12,Index,2020M6,109.2350485
"HOUSING, WATER, ELECTRICITY, GAS AND OTHER FUELS",2014M12,Index,2020M7,109.2350485
"HOUSING, WATER, ELECTRICITY, GAS AND OTHER FUELS",2014M12,Index,2020M8,115.4732006
"HOUSING, WATER, ELECTRICITY, GAS AND OTHER FUELS",2014M12,Index,2020M9,115.9620747
"HOUSING, WATER, ELECTRICITY, GAS AND OTHER FUELS",2014M12,Index,2020M10,116.2234625
"HOUSING, WATER, ELECTRICITY, GAS AND OTHER FUELS",2014M12,Index,2020M11,116.2234625
"HOUSING, WATER, ELECTRICITY, GAS AND OTHER FUELS",2014M12,Index,2020M12,112.3191256
"HOUSING, WATER, ELECTRICITY, GAS AND OTHER FUELS",2014M12,Index,2021M1,112.87
"HOUSING, WATER, ELECTRICITY, GAS AND OTHER FUELS",2014M12,Index,2021M2,114.08
"HOUSING, WATER, ELECTRICITY, GAS AND OTHER FUELS",2014M12,Index,2021M3,115.68
"HOUSING, WATER, ELECTRICITY, GAS AND OTHER FUELS",2014M12,Index,2021M4,116.35
"HOUSING, WATER, ELECTRICITY, GAS AND OTHER FUELS",2014M12,Index,2021M5,117.36
"HOUSING, WATER, ELECTRICITY, GAS AND OTHER FUELS",2014M12,Index,2021M6,118.49
"HOUSING, WATER, ELECTRICITY, GAS AND OTHER FUELS",2014M12,Index,2021M7,118.49
"HOUSING, WATER, ELECTRICITY, GAS AND OTHER FUELS",2014M12,Index,2021M8,114.32
"HOUSING, WATER, ELECTRICITY, GAS AND OTHER FUELS",2014M12,Index,2021M9,118.49
"HOUSING, WATER, ELECTRICITY, GAS AND OTHER FUELS",2014M12,Index,2021M10,118.488102
"HOUSING, WATER, ELECTRICITY, GAS AND OTHER FUELS",2014M12,Index,2021M11,118.488102
"HOUSING, WATER, ELECTRICITY, GAS AND OTHER FUELS",2014M12,Index,2021M12,118.4815582
"HOUSING, WATER, ELECTRICITY, GAS AND OTHER FUELS",2014M12,Index,2022M1,117.9525667
"HOUSING, WATER, ELECTRICITY, GAS AND OTHER FUELS",2014M12,Index,2022M2,117.9525667
"HOUSING, WATER, ELECTRICITY, GAS AND OTHER FUELS",2014M12,Index,2022M3,119.9101415
"HOUSING, WATER, ELECTRICITY, GAS AND OTHER FUELS",2014M12,Index,2022M4,121.6668694
"HOUSING, WATER, ELECTRICITY, GAS AND OTHER FUELS",2014M12,Index,2022M5,121.83
"HOUSING, WATER, ELECTRICITY, GAS AND OTHER FUELS",2014M12,Index,2022M6,120.08
"HOUSING, WATER, ELECTRICITY, GAS AND OTHER FUELS",2014M12,Index,2022M7,120.18
"HOUSING, WATER, ELECTRICITY, GAS AND OTHER FUELS",2014M12,Index,2022M8,120.18
"HOUSING, WATER, ELECTRICITY, GAS AND OTHER FUELS",2014M12,Index,2022M9,122.28
"HOUSING, WATER, ELECTRICITY, GAS AND OTHER FUELS",2014M12,Index,2022M10,122.28
"HOUSING, WATER, ELECTRICITY, GAS AND OTHER FUELS",2014M12,Index,2022M11,122.28
"HOUSING, WATER, ELECTRICITY, GAS AND OTHER FUELS",2014M12,Index,2022M12,124.46
"HOUSING, WATER, ELECTRICITY, GAS AND OTHER FUELS",2014M12,Index,2023M1,124.46
"HOUSING, WATER, ELECTRICITY, GAS AND OTHER FUELS",2014M12,Index,2023M2,124.43
"HOUSING, WATER, ELECTRICITY, GAS AND OTHER FUELS",2014M12,Index,2023M3,128.62
"HOUSING, WATER, ELECTRICITY, GAS AND OTHER FUELS",2014M12,Index,2023M4,128.62
"HOUSING, WATER, ELECTRICITY, GAS AND OTHER FUELS",2014M12,Index,2023M5,138.74
"HOUSING, WATER, ELECTRICITY, GAS AND OTHER FUELS",2014M12,Index,2023M6,139.78
"HOUSING, WATER, ELECTRICITY, GAS AND OTHER FUELS",2014M12,Index,2023M7,139.23
"HOUSING, WATER, ELECTRICITY, GAS AND OTHER FUELS",2014M12,Index,2023M8,138.95
"HOUSING, WATER, ELECTRICITY, GAS AND OTHER FUELS",2014M12,Index,2023M9,140.67
"HOUSING, WATER, ELECTRICITY, GAS AND OTHER FUELS",2014M12,Index,2023M10,148.05
"HOUSING, WATER, ELECTRICITY, GAS AND OTHER FUELS",2014M12,Index,2023M11,144.35
"HOUSING, WATER, ELECTRICITY, GAS AND OTHER FUELS",2014M12,Index,2023M12,144.35
"HOUSING, WATER, ELECTRICITY, GAS AND OTHER FUELS",2014M12,Index,2024M1,140
"HOUSING, WATER, ELECTRICITY, GAS AND OTHER FUELS",2014M12,Index,2024M2,140
"HOUSING, WATER, ELECTRICITY, GAS AND OTHER FUELS",2014M12,Index,2024M3,140.03
"HOUSING, WATER, ELECTRICITY, GAS AND OTHER FUELS",2014M12,Index,2024M4,142.22
"HOUSING, WATER, ELECTRICITY, GAS AND OTHER FUELS",2014M12,Index,2024M5,144.43
"HOUSING, WATER, ELECTRICITY, GAS AND OTHER FUELS",2014M12,Index,2024M6,144.55
"HOUSING, WATER, ELECTRICITY, GAS AND OTHER FUELS",2014M12,Index,2024M7,148.75
"HOUSING, WATER, ELECTRICITY, GAS AND OTHER FUELS",2014M12,Index,2024M8,148.53
"HOUSING, WATER, ELECTRICITY, GAS AND OTHER FUELS",2014M12,Index,2024M9,145.41
"HOUSING, WATER, ELECTRICITY, GAS AND OTHER FUELS",2014M12,Index,2024M10,143.53
"HOUSING, WATER, ELECTRICITY, GAS AND OTHER FUELS",2014M12,Index,2024M11,144.92
"HOUSING, WATER, ELECTRICITY, GAS AND OTHER FUELS",2014M12,Index,2024M12,145.36
"FURNISHINGS, HOUSEHOLD EQUIPMENT AND ROUTINE MAINTENANCE OF THE HOUSE",2014M12,Index,2014M12,100
"FURNISHINGS, HOUSEHOLD EQUIPMENT AND ROUTINE MAINTENANCE OF THE HOUSE",2014M12,Index,2015M1,100.7534802
"FURNISHINGS, HOUSEHOLD EQUIPMENT AND ROUTINE MAINTENANCE OF THE HOUSE",2014M12,Index,2015M2,100.8755193
"FURNISHINGS, HOUSEHOLD EQUIPMENT AND ROUTINE MAINTENANCE OF THE HOUSE",2014M12,Index,2015M3,101.3416352
"FURNISHINGS, HOUSEHOLD EQUIPMENT AND ROUTINE MAINTENANCE OF THE HOUSE",2014M12,Index,2015M4,101.7065231
"FURNISHINGS, HOUSEHOLD EQUIPMENT AND ROUTINE MAINTENANCE OF THE HOUSE",2014M12,Index,2015M5,100.5150502
"FURNISHINGS, HOUSEHOLD EQUIPMENT AND ROUTINE MAINTENANCE OF THE HOUSE",2014M12,Index,2015M6,100.5150502
"FURNISHINGS, HOUSEHOLD EQUIPMENT AND ROUTINE MAINTENANCE OF THE HOUSE",2014M12,Index,2015M7,103.0476771
"FURNISHINGS, HOUSEHOLD EQUIPMENT AND ROUTINE MAINTENANCE OF THE HOUSE",2014M12,Index,2015M8,104.0802954
"FURNISHINGS, HOUSEHOLD EQUIPMENT AND ROUTINE MAINTENANCE OF THE HOUSE",2014M12,Index,2015M9,104.0799016
"FURNISHINGS, HOUSEHOLD EQUIPMENT AND ROUTINE MAINTENANCE OF THE HOUSE",2014M12,Index,2015M10,100.5051085
"FURNISHINGS, HOUSEHOLD EQUIPMENT AND ROUTINE MAINTENANCE OF THE HOUSE",2014M12,Index,2015M11,100.4658293
"FURNISHINGS, HOUSEHOLD EQUIPMENT AND ROUTINE MAINTENANCE OF THE HOUSE",2014M12,Index,2015M12,100.5088879
"FURNISHINGS, HOUSEHOLD EQUIPMENT AND ROUTINE MAINTENANCE OF THE HOUSE",2014M12,Index,2016M1,101.5324907
"FURNISHINGS, HOUSEHOLD EQUIPMENT AND ROUTINE MAINTENANCE OF THE HOUSE",2014M12,Index,2016M2,100.2131699
"FURNISHINGS, HOUSEHOLD EQUIPMENT AND ROUTINE MAINTENANCE OF THE HOUSE",2014M12,Index,2016M3,100.6030586
"FURNISHINGS, HOUSEHOLD EQUIPMENT AND ROUTINE MAINTENANCE OF THE HOUSE",2014M12,Index,2016M4,104.5726919
"FURNISHINGS, HOUSEHOLD EQUIPMENT AND ROUTINE MAINTENANCE OF THE HOUSE",2014M12,Index,2016M5,102.631545
"FURNISHINGS, HOUSEHOLD EQUIPMENT AND ROUTINE MAINTENANCE OF THE HOUSE",2014M12,Index,2016M6,103.2562798
"FURNISHINGS, HOUSEHOLD EQUIPMENT AND ROUTINE MAINTENANCE OF THE HOUSE",2014M12,Index,2016M7,101.1907253
"FURNISHINGS, HOUSEHOLD EQUIPMENT AND ROUTINE MAINTENANCE OF THE HOUSE",2014M12,Index,2016M8,101.4827113
"FURNISHINGS, HOUSEHOLD EQUIPMENT AND ROUTINE MAINTENANCE OF THE HOUSE",2014M12,Index,2016M9,101.3449061
"FURNISHINGS, HOUSEHOLD EQUIPMENT AND ROUTINE MAINTENANCE OF THE HOUSE",2014M12,Index,2016M10,103.0928598
"FURNISHINGS, HOUSEHOLD EQUIPMENT AND ROUTINE MAINTENANCE OF THE HOUSE",2014M12,Index,2016M11,101.3644313
"FURNISHINGS, HOUSEHOLD EQUIPMENT AND ROUTINE MAINTENANCE OF THE HOUSE",2014M12,Index,2016M12,101.6875349
"FURNISHINGS, HOUSEHOLD EQUIPMENT AND ROUTINE MAINTENANCE OF THE HOUSE",2014M12,Index,2017M1,102.0971767
"FURNISHINGS, HOUSEHOLD EQUIPMENT AND ROUTINE MAINTENANCE OF THE HOUSE",2014M12,Index,2017M2,102.1878644
"FURNISHINGS, HOUSEHOLD EQUIPMENT AND ROUTINE MAINTENANCE OF THE HOUSE",2014M12,Index,2017M3,101.2836284
"FURNISHINGS, HOUSEHOLD EQUIPMENT AND ROUTINE MAINTENANCE OF THE HOUSE",2014M12,Index,2017M4,101.9025963
"FURNISHINGS, HOUSEHOLD EQUIPMENT AND ROUTINE MAINTENANCE OF THE HOUSE",2014M12,Index,2017M5,102.4538307
"FURNISHINGS, HOUSEHOLD EQUIPMENT AND ROUTINE MAINTENANCE OF THE HOUSE",2014M12,Index,2017M6,100.6660698
"FURNISHINGS, HOUSEHOLD EQUIPMENT AND ROUTINE MAINTENANCE OF THE HOUSE",2014M12,Index,2017M7,100.3605124
"FURNISHINGS, HOUSEHOLD EQUIPMENT AND ROUTINE MAINTENANCE OF THE HOUSE",2014M12,Index,2017M8,100.3062828
"FURNISHINGS, HOUSEHOLD EQUIPMENT AND ROUTINE MAINTENANCE OF THE HOUSE",2014M12,Index,2017M9,100.9234618
"FURNISHINGS, HOUSEHOLD EQUIPMENT AND ROUTINE MAINTENANCE OF THE HOUSE",2014M12,Index,2017M10,101.7452976
"FURNISHINGS, HOUSEHOLD EQUIPMENT AND ROUTINE MAINTENANCE OF THE HOUSE",2014M12,Index,2017M11,101.2469937
"FURNISHINGS, HOUSEHOLD EQUIPMENT AND ROUTINE MAINTENANCE OF THE HOUSE",2014M12,Index,2017M12,101.1717652
"FURNISHINGS, HOUSEHOLD EQUIPMENT AND ROUTINE MAINTENANCE OF THE HOUSE",2014M12,Index,2018M1,101.1721165
"FURNISHINGS, HOUSEHOLD EQUIPMENT AND ROUTINE MAINTENANCE OF THE HOUSE",2014M12,Index,2018M2,101.2115128
"FURNISHINGS, HOUSEHOLD EQUIPMENT AND ROUTINE MAINTENANCE OF THE HOUSE",2014M12,Index,2018M3,100.7922998
"FURNISHINGS, HOUSEHOLD EQUIPMENT AND ROUTINE MAINTENANCE OF THE HOUSE",2014M12,Index,2018M4,99.21511391
"FURNISHINGS, HOUSEHOLD EQUIPMENT AND ROUTINE MAINTENANCE OF THE HOUSE",2014M12,Index,2018M5,100.6865061
"FURNISHINGS, HOUSEHOLD EQUIPMENT AND ROUTINE MAINTENANCE OF THE HOUSE",2014M12,Index,2018M6,101.2227948
"FURNISHINGS, HOUSEHOLD EQUIPMENT AND ROUTINE MAINTENANCE OF THE HOUSE",2014M12,Index,2018M7,101.6872191
"FURNISHINGS, HOUSEHOLD EQUIPMENT AND ROUTINE MAINTENANCE OF THE HOUSE",2014M12,Index,2018M8,104.2958765
"FURNISHINGS, HOUSEHOLD EQUIPMENT AND ROUTINE MAINTENANCE OF THE HOUSE",2014M12,Index,2018M9,104.6284544
"FURNISHINGS, HOUSEHOLD EQUIPMENT AND ROUTINE MAINTENANCE OF THE HOUSE",2014M12,Index,2018M10,105.0808108
"FURNISHINGS, HOUSEHOLD EQUIPMENT AND ROUTINE MAINTENANCE OF THE HOUSE",2014M12,Index,2018M11,104.5848726
"FURNISHINGS, HOUSEHOLD EQUIPMENT AND ROUTINE MAINTENANCE OF THE HOUSE",2014M12,Index,2018M12,104.2892269
"FURNISHINGS, HOUSEHOLD EQUIPMENT AND ROUTINE MAINTENANCE OF THE HOUSE",2014M12,Index,2019M1,104.3032013
"FURNISHINGS, HOUSEHOLD EQUIPMENT AND ROUTINE MAINTENANCE OF THE HOUSE",2014M12,Index,2019M2,104.5035713
"FURNISHINGS, HOUSEHOLD EQUIPMENT AND ROUTINE MAINTENANCE OF THE HOUSE",2014M12,Index,2019M3,104.2988852
"FURNISHINGS, HOUSEHOLD EQUIPMENT AND ROUTINE MAINTENANCE OF THE HOUSE",2014M12,Index,2019M4,104.2988852
"FURNISHINGS, HOUSEHOLD EQUIPMENT AND ROUTINE MAINTENANCE OF THE HOUSE",2014M12,Index,2019M5,105.2054741
"FURNISHINGS, HOUSEHOLD EQUIPMENT AND ROUTINE MAINTENANCE OF THE HOUSE",2014M12,Index,2019M6,102.8970831
"FURNISHINGS, HOUSEHOLD EQUIPMENT AND ROUTINE MAINTENANCE OF THE HOUSE",2014M12,Index,2019M7,102.710804
"FURNISHINGS, HOUSEHOLD EQUIPMENT AND ROUTINE MAINTENANCE OF THE HOUSE",2014M12,Index,2019M8,102.710804
"FURNISHINGS, HOUSEHOLD EQUIPMENT AND ROUTINE MAINTENANCE OF THE HOUSE",2014M12,Index,2019M9,102.7054552
"FURNISHINGS, HOUSEHOLD EQUIPMENT AND ROUTINE MAINTENANCE OF THE HOUSE",2014M12,Index,2019M10,102.7140514
"FURNISHINGS, HOUSEHOLD EQUIPMENT AND ROUTINE MAINTENANCE OF THE HOUSE",2014M12,Index,2019M11,102.7140514
"FURNISHINGS, HOUSEHOLD EQUIPMENT AND ROUTINE MAINTENANCE OF THE HOUSE",2014M12,Index,2019M12,102.7347361
"FURNISHINGS, HOUSEHOLD EQUIPMENT AND ROUTINE MAINTENANCE OF THE HOUSE",2014M12,Index,2020M1,102.72277
"FURNISHINGS, HOUSEHOLD EQUIPMENT AND ROUTINE MAINTENANCE OF THE HOUSE",2014M12,Index,2020M2,102.9536768
"FURNISHINGS, HOUSEHOLD EQUIPMENT AND ROUTINE MAINTENANCE OF THE HOUSE",2014M12,Index,2020M3,103.7017212
"FURNISHINGS, HOUSEHOLD EQUIPMENT AND ROUTINE MAINTENANCE OF THE HOUSE",2014M12,Index,2020M4,103.6987555
"FURNISHINGS, HOUSEHOLD EQUIPMENT AND ROUTINE MAINTENANCE OF THE HOUSE",2014M12,Index,2020M5,103.6987555
"FURNISHINGS, HOUSEHOLD EQUIPMENT AND ROUTINE MAINTENANCE OF THE HOUSE",2014M12,Index,2020M6,108.6366869
"FURNISHINGS, HOUSEHOLD EQUIPMENT AND ROUTINE MAINTENANCE OF THE HOUSE",2014M12,Index,2020M7,108.6366869
"FURNISHINGS, HOUSEHOLD EQUIPMENT AND ROUTINE MAINTENANCE OF THE HOUSE",2014M12,Index,2020M8,108.9618546
"FURNISHINGS, HOUSEHOLD EQUIPMENT AND ROUTINE MAINTENANCE OF THE HOUSE",2014M12,Index,2020M9,110.2406573
"FURNISHINGS, HOUSEHOLD EQUIPMENT AND ROUTINE MAINTENANCE OF THE HOUSE",2014M12,Index,2020M10,111.3970058
"FURNISHINGS, HOUSEHOLD EQUIPMENT AND ROUTINE MAINTENANCE OF THE HOUSE",2014M12,Index,2020M11,111.9007373
"FURNISHINGS, HOUSEHOLD EQUIPMENT AND ROUTINE MAINTENANCE OF THE HOUSE",2014M12,Index,2020M12,110.6682383
"FURNISHINGS, HOUSEHOLD EQUIPMENT AND ROUTINE MAINTENANCE OF THE HOUSE",2014M12,Index,2021M1,111.47
"FURNISHINGS, HOUSEHOLD EQUIPMENT AND ROUTINE MAINTENANCE OF THE HOUSE",2014M12,Index,2021M2,112.61
"FURNISHINGS, HOUSEHOLD EQUIPMENT AND ROUTINE MAINTENANCE OF THE HOUSE",2014M12,Index,2021M3,112.61
"FURNISHINGS, HOUSEHOLD EQUIPMENT AND ROUTINE MAINTENANCE OF THE HOUSE",2014M12,Index,2021M4,112.65
"FURNISHINGS, HOUSEHOLD EQUIPMENT AND ROUTINE MAINTENANCE OF THE HOUSE",2014M12,Index,2021M5,112.65
"FURNISHINGS, HOUSEHOLD EQUIPMENT AND ROUTINE MAINTENANCE OF THE HOUSE",2014M12,Index,2021M6,113.55
"FURNISHINGS, HOUSEHOLD EQUIPMENT AND ROUTINE MAINTENANCE OF THE HOUSE",2014M12,Index,2021M7,113.55
"FURNISHINGS, HOUSEHOLD EQUIPMENT AND ROUTINE MAINTENANCE OF THE HOUSE",2014M12,Index,2021M8,113.55
"FURNISHINGS, HOUSEHOLD EQUIPMENT AND ROUTINE MAINTENANCE OF THE HOUSE",2014M12,Index,2021M9,113.55
"FURNISHINGS, HOUSEHOLD EQUIPMENT AND ROUTINE MAINTENANCE OF THE HOUSE",2014M12,Index,2021M10,113.5513783
"FURNISHINGS, HOUSEHOLD EQUIPMENT AND ROUTINE MAINTENANCE OF THE HOUSE",2014M12,Index,2021M11,113.5513783
"FURNISHINGS, HOUSEHOLD EQUIPMENT AND ROUTINE MAINTENANCE OF THE HOUSE",2014M12,Index,2021M12,110.6325856
"FURNISHINGS, HOUSEHOLD EQUIPMENT AND ROUTINE MAINTENANCE OF THE HOUSE",2014M12,Index,2022M1,109.5301402
"FURNISHINGS, HOUSEHOLD EQUIPMENT AND ROUTINE MAINTENANCE OF THE HOUSE",2014M12,Index,2022M2,109.5301402
"FURNISHINGS, HOUSEHOLD EQUIPMENT AND ROUTINE MAINTENANCE OF THE HOUSE",2014M12,Index,2022M3,109.5301402
"FURNISHINGS, HOUSEHOLD EQUIPMENT AND ROUTINE MAINTENANCE OF THE HOUSE",2014M12,Index,2022M4,109.5301402
"FURNISHINGS, HOUSEHOLD EQUIPMENT AND ROUTINE MAINTENANCE OF THE HOUSE",2014M12,Index,2022M5,109.53
"FURNISHINGS, HOUSEHOLD EQUIPMENT AND ROUTINE MAINTENANCE OF THE HOUSE",2014M12,Index,2022M6,109.53
"FURNISHINGS, HOUSEHOLD EQUIPMENT AND ROUTINE MAINTENANCE OF THE HOUSE",2014M12,Index,2022M7,109.53
"FURNISHINGS, HOUSEHOLD EQUIPMENT AND ROUTINE MAINTENANCE OF THE HOUSE",2014M12,Index,2022M8,109.53
"FURNISHINGS, HOUSEHOLD EQUIPMENT AND ROUTINE MAINTENANCE OF THE HOUSE",2014M12,Index,2022M9,109.53
"FURNISHINGS, HOUSEHOLD EQUIPMENT AND ROUTINE MAINTENANCE OF THE HOUSE",2014M12,Index,2022M10,109.53
"FURNISHINGS, HOUSEHOLD EQUIPMENT AND ROUTINE MAINTENANCE OF THE HOUSE",2014M12,Index,2022M11,109.53
"FURNISHINGS, HOUSEHOLD EQUIPMENT AND ROUTINE MAINTENANCE OF THE HOUSE",2014M12,Index,2022M12,109.53
"FURNISHINGS, HOUSEHOLD EQUIPMENT AND ROUTINE MAINTENANCE OF THE HOUSE",2014M12,Index,2023M1,109.38
"FURNISHINGS, HOUSEHOLD EQUIPMENT AND ROUTINE MAINTENANCE OF THE HOUSE",2014M12,Index,2023M2,109.38
"FURNISHINGS, HOUSEHOLD EQUIPMENT AND ROUTINE MAINTENANCE OF THE HOUSE",2014M12,Index,2023M3,114.74
"FURNISHINGS, HOUSEHOLD EQUIPMENT AND ROUTINE MAINTENANCE OF THE HOUSE",2014M12,Index,2023M4,114.74
"FURNISHINGS, HOUSEHOLD EQUIPMENT AND ROUTINE MAINTENANCE OF THE HOUSE",2014M12,Index,2023M5,116.56
"FURNISHINGS, HOUSEHOLD EQUIPMENT AND ROUTINE MAINTENANCE OF THE HOUSE",2014M12,Index,2023M6,116.56
"FURNISHINGS, HOUSEHOLD EQUIPMENT AND ROUTINE MAINTENANCE OF THE HOUSE",2014M12,Index,2023M7,116.56
"FURNISHINGS, HOUSEHOLD EQUIPMENT AND ROUTINE MAINTENANCE OF THE HOUSE",2014M12,Index,2023M8,116.56
"FURNISHINGS, HOUSEHOLD EQUIPMENT AND ROUTINE MAINTENANCE OF THE HOUSE",2014M12,Index,2023M9,117.61
"FURNISHINGS, HOUSEHOLD EQUIPMENT AND ROUTINE MAINTENANCE OF THE HOUSE",2014M12,Index,2023M10,117.61
"FURNISHINGS, HOUSEHOLD EQUIPMENT AND ROUTINE MAINTENANCE OF THE HOUSE",2014M12,Index,2023M11,118.1
"FURNISHINGS, HOUSEHOLD EQUIPMENT AND ROUTINE MAINTENANCE OF THE HOUSE",2014M12,Index,2023M12,119.27
"FURNISHINGS, HOUSEHOLD EQUIPMENT AND ROUTINE MAINTENANCE OF THE HOUSE",2014M12,Index,2024M1,119.27
"FURNISHINGS, HOUSEHOLD EQUIPMENT AND ROUTINE MAINTENANCE OF THE HOUSE",2014M12,Index,2024M2,118.73
"FURNISHINGS, HOUSEHOLD EQUIPMENT AND ROUTINE MAINTENANCE OF THE HOUSE",2014M12,Index,2024M3,119.3
"FURNISHINGS, HOUSEHOLD EQUIPMENT AND ROUTINE MAINTENANCE OF THE HOUSE",2014M12,Index,2024M4,123.74
"FURNISHINGS, HOUSEHOLD EQUIPMENT AND ROUTINE MAINTENANCE OF THE HOUSE",2014M12,Index,2024M5,123.79
"FURNISHINGS, HOUSEHOLD EQUIPMENT AND ROUTINE MAINTENANCE OF THE HOUSE",2014M12,Index,2024M6,127.53
"FURNISHINGS, HOUSEHOLD EQUIPMENT AND ROUTINE MAINTENANCE OF THE HOUSE",2014M12,Index,2024M7,134.6
"FURNISHINGS, HOUSEHOLD EQUIPMENT AND ROUTINE MAINTENANCE OF THE HOUSE",2014M12,Index,2024M8,135.22
"FURNISHINGS, HOUSEHOLD EQUIPMENT AND ROUTINE MAINTENANCE OF THE HOUSE",2014M12,Index,2024M9,140.66
"FURNISHINGS, HOUSEHOLD EQUIPMENT AND ROUTINE MAINTENANCE OF THE HOUSE",2014M12,Index,2024M10,144.12
"FURNISHINGS, HOUSEHOLD EQUIPMENT AND ROUTINE MAINTENANCE OF THE HOUSE",2014M12,Index,2024M11,144.81
"FURNISHINGS, HOUSEHOLD EQUIPMENT AND ROUTINE MAINTENANCE OF THE HOUSE",2014M12,Index,2024M12,144.47
HEALTH,2014M12,Index,2014M12,100
HEALTH,2014M12,Index,2015M1,103.2656649
HEALTH,2014M12,Index,2015M2,103.2656649
HEALTH,2014M12,Index,2015M3,103.2110474
HEALTH,2014M12,Index,2015M4,103.0549396
HEALTH,2014M12,Index,2015M5,103.2110474
HEALTH,2014M12,Index,2015M6,103.2110474
HEALTH,2014M12,Index,2015M7,106.1650989
HEALTH,2014M12,Index,2015M8,106.8268527
HEALTH,2014M12,Index,2015M9,106.8268527
HEALTH,2014M12,Index,2015M10,103.0870475
HEALTH,2014M12,Index,2015M11,103.7259145
HEALTH,2014M12,Index,2015M12,103.2110474
HEALTH,2014M12,Index,2016M1,102.3699213
HEALTH,2014M12,Index,2016M2,101.2090685
HEALTH,2014M12,Index,2016M3,101.5750531
HEALTH,2014M12,Index,2016M4,91.73159783
HEALTH,2014M12,Index,2016M5,94.01102467
HEALTH,2014M12,Index,2016M6,96.0188247
HEALTH,2014M12,Index,2016M7,96.0188247
HEALTH,2014M12,Index,2016M8,96.0188247
HEALTH,2014M12,Index,2016M9,96.0188247
HEALTH,2014M12,Index,2016M10,101.3898213
HEALTH,2014M12,Index,2016M11,106.0274323
HEALTH,2014M12,Index,2016M12,97.76804365
HEALTH,2014M12,Index,2017M1,98.32839563
HEALTH,2014M12,Index,2017M2,98.42571952
HEALTH,2014M12,Index,2017M3,95.50214721
HEALTH,2014M12,Index,2017M4,98.55765166
HEALTH,2014M12,Index,2017M5,99.61851214
HEALTH,2014M12,Index,2017M6,103.395896
HEALTH,2014M12,Index,2017M7,102.6321012
HEALTH,2014M12,Index,2017M8,102.9010638
HEALTH,2014M12,Index,2017M9,103.2936642
HEALTH,2014M12,Index,2017M10,103.2936642
HEALTH,2014M12,Index,2017M11,104.2026121
HEALTH,2014M12,Index,2017M12,103.6167413
HEALTH,2014M12,Index,2018M1,98.47040073
HEALTH,2014M12,Index,2018M2,98.47040073
HEALTH,2014M12,Index,2018M3,99.01253116
HEALTH,2014M12,Index,2018M4,99.01253116
HEALTH,2014M12,Index,2018M5,99.57452097
HEALTH,2014M12,Index,2018M6,99.57452097
HEALTH,2014M12,Index,2018M7,99.04650324
HEALTH,2014M12,Index,2018M8,99.04650324
HEALTH,2014M12,Index,2018M9,100.3096563
HEALTH,2014M12,Index,2018M10,102.7744999
HEALTH,2014M12,Index,2018M11,102.7744999
HEALTH,2014M12,Index,2018M12,102.7744999
HEALTH,2014M12,Index,2019M1,102.5520564
HEALTH,2014M12,Index,2019M2,118.2690502
HEALTH,2014M12,Index,2019M3,118.1976245
HEALTH,2014M12,Index,2019M4,118.1976245
HEALTH,2014M12,Index,2019M5,118.5192088
HEALTH,2014M12,Index,2019M6,118.5192088
HEALTH,2014M12,Index,2019M7,118.9175922
HEALTH,2014M12,Index,2019M8,118.9175922
HEALTH,2014M12,Index,2019M9,118.9175922
HEALTH,2014M12,Index,2019M10,118.9175922
HEALTH,2014M12,Index,2019M11,118.9175922
HEALTH,2014M12,Index,2019M12,119.1349665
HEALTH,2014M12,Index,2020M1,119.2802252
HEALTH,2014M12,Index,2020M2,119.6228806
HEALTH,2014M12,Index,2020M3,124.9899358
HEALTH,2014M12,Index,2020M4,132.1171359
HEALTH,2014M12,Index,2020M5,132.1171359
HEALTH,2014M12,Index,2020M6,133.1034939
HEALTH,2014M12,Index,2020M7,145.162905
HEALTH,2014M12,Index,2020M8,145.162905
HEALTH,2014M12,Index,2020M9,145.162905
HEALTH,2014M12,Index,2020M10,145.162905
HEALTH,2014M12,Index,2020M11,145.162905
HEALTH,2014M12,Index,2020M12,141.2619437
HEALTH,2014M12,Index,2021M1,142.06
HEALTH,2014M12,Index,2021M2,147.54
HEALTH,2014M12,Index,2021M3,153.63
HEALTH,2014M12,Index,2021M4,155.73
HEALTH,2014M12,Index,2021M5,158.99
HEALTH,2014M12,Index,2021M6,161.16
HEALTH,2014M12,Index,2021M7,161.16
HEALTH,2014M12,Index,2021M8,161.16
HEALTH,2014M12,Index,2021M9,161.16
HEALTH,2014M12,Index,2021M10,161.1629246
HEALTH,2014M12,Index,2021M11,161.1629246
HEALTH,2014M12,Index,2021M12,161.1629246
HEALTH,2014M12,Index,2022M1,161.1629246
HEALTH,2014M12,Index,2022M2,161.1629246
HEALTH,2014M12,Index,2022M3,161.1629246
HEALTH,2014M12,Index,2022M4,161.1629246
HEALTH,2014M12,Index,2022M5,161.16
HEALTH,2014M12,Index,2022M6,161.16
HEALTH,2014M12,Index,2022M7,161.16
HEALTH,2014M12,Index,2022M8,161.16
HEALTH,2014M12,Index,2022M9,161.16
HEALTH,2014M12,Index,2022M10,161.16
HEALTH,2014M12,Index,2022M11,171.08
HEALTH,2014M12,Index,2022M12,172.91
HEALTH,2014M12,Index,2023M1,172.91
HEALTH,2014M12,Index,2023M2,172.91
HEALTH,2014M12,Index,2023M3,172.91
HEALTH,2014M12,Index,2023M4,172.91
HEALTH,2014M12,Index,2023M5,176.45
HEALTH,2014M12,Index,2023M6,178.18
HEALTH,2014M12,Index,2023M7,178.18
HEALTH,2014M12,Index,2023M8,178.18
HEALTH,2014M12,Index,2023M9,182.78
HEALTH,2014M12,Index,2023M10,182.78
HEALTH,2014M12,Index,2023M11,182.78
HEALTH,2014M12,Index,2023M12,182.78
HEALTH,2014M12,Index,2024M1,182.78
HEALTH,2014M12,Index,2024M2,182.78
HEALTH,2014M12,Index,2024M3,182.78
HEALTH,2014M12,Index,2024M4,182.78
HEALTH,2014M12,Index,2024M5,182.78
HEALTH,2014M12,Index,2024M6,182.78
HEALTH,2014M12,Index,2024M7,190.9
HEALTH,2014M12,Index,2024M8,187.97
HEALTH,2014M12,Index,2024M9,188.42
HEALTH,2014M12,Index,2024M10,188.84
HEALTH,2014M12,Index,2024M11,187.98
HEALTH,2014M12,Index,2024M12,187.15
TRANSPORT,2014M12,Index,2014M12,100
TRANSPORT,2014M12,Index,2015M1,105.7882958
TRANSPORT,2014M12,Index,2015M2,104.790836
TRANSPORT,2014M12,Index,2015M3,104.790836
TRANSPORT,2014M12,Index,2015M4,105.3027226
TRANSPORT,2014M12,Index,2015M5,102.4648377
TRANSPORT,2014M12,Index,2015M6,102.4648377
TRANSPORT,2014M12,Index,2015M7,103.1207845
TRANSPORT,2014M12,Index,2015M8,103.207735
TRANSPORT,2014M12,Index,2015M9,103.3384415
TRANSPORT,2014M12,Index,2015M10,102.4648377
TRANSPORT,2014M12,Index,2015M11,102.4648377
TRANSPORT,2014M12,Index,2015M12,102.4648377
TRANSPORT,2014M12,Index,2016M1,99.44740653
TRANSPORT,2014M12,Index,2016M2,99.44740653
TRANSPORT,2014M12,Index,2016M3,99.57471358
TRANSPORT,2014M12,Index,2016M4,104.3936337
TRANSPORT,2014M12,Index,2016M5,104.3936337
TRANSPORT,2014M12,Index,2016M6,103.9660502
TRANSPORT,2014M12,Index,2016M7,103.9660502
TRANSPORT,2014M12,Index,2016M8,103.9660502
TRANSPORT,2014M12,Index,2016M9,103.9660502
TRANSPORT,2014M12,Index,2016M10,103.4332548
TRANSPORT,2014M12,Index,2016M11,106.5953767
TRANSPORT,2014M12,Index,2016M12,104.4383494
TRANSPORT,2014M12,Index,2017M1,104.2479449
TRANSPORT,2014M12,Index,2017M2,104.8715962
TRANSPORT,2014M12,Index,2017M3,104.5187379
TRANSPORT,2014M12,Index,2017M4,101.6034864
TRANSPORT,2014M12,Index,2017M5,98.89797189
TRANSPORT,2014M12,Index,2017M6,100.3299081
TRANSPORT,2014M12,Index,2017M7,99.83426693
TRANSPORT,2014M12,Index,2017M8,100.5925326
TRANSPORT,2014M12,Index,2017M9,100.6301258
TRANSPORT,2014M12,Index,2017M10,102.2791266
TRANSPORT,2014M12,Index,2017M11,102.0271158
TRANSPORT,2014M12,Index,2017M12,102.0161554
TRANSPORT,2014M12,Index,2018M1,102.1094995
TRANSPORT,2014M12,Index,2018M2,102.3909466
TRANSPORT,2014M12,Index,2018M3,103.5787613
TRANSPORT,2014M12,Index,2018M4,103.7693096
TRANSPORT,2014M12,Index,2018M5,104.847259
TRANSPORT,2014M12,Index,2018M6,104.847259
TRANSPORT,2014M12,Index,2018M7,104.847259
TRANSPORT,2014M12,Index,2018M8,104.847259
TRANSPORT,2014M12,Index,2018M9,105.4054033
TRANSPORT,2014M12,Index,2018M10,107.8064237
TRANSPORT,2014M12,Index,2018M11,105.3776934
TRANSPORT,2014M12,Index,2018M12,105.5708048
TRANSPORT,2014M12,Index,2019M1,105.6358834
TRANSPORT,2014M12,Index,2019M2,108.2609616
TRANSPORT,2014M12,Index,2019M3,108.2609616
TRANSPORT,2014M12,Index,2019M4,108.9067831
TRANSPORT,2014M12,Index,2019M5,109.7924941
TRANSPORT,2014M12,Index,2019M6,107.944459
TRANSPORT,2014M12,Index,2019M7,106.9601788
TRANSPORT,2014M12,Index,2019M8,109.9300738
TRANSPORT,2014M12,Index,2019M9,108.278909
TRANSPORT,2014M12,Index,2019M10,110.5673906
TRANSPORT,2014M12,Index,2019M11,110.5673906
TRANSPORT,2014M12,Index,2019M12,110.5673906
TRANSPORT,2014M12,Index,2020M1,110.5673906
TRANSPORT,2014M12,Index,2020M2,110.5673906
TRANSPORT,2014M12,Index,2020M3,110.5673906
TRANSPORT,2014M12,Index,2020M4,110.8251842
TRANSPORT,2014M12,Index,2020M5,110.8251842
TRANSPORT,2014M12,Index,2020M6,110.8251842
TRANSPORT,2014M12,Index,2020M7,110.8251842
TRANSPORT,2014M12,Index,2020M8,110.8251842
TRANSPORT,2014M12,Index,2020M9,112.0024859
TRANSPORT,2014M12,Index,2020M10,112.0024859
TRANSPORT,2014M12,Index,2020M11,110.3020638
TRANSPORT,2014M12,Index,2020M12,105.025861
TRANSPORT,2014M12,Index,2021M1,105.07
TRANSPORT,2014M12,Index,2021M2,107.17
TRANSPORT,2014M12,Index,2021M3,107.73
TRANSPORT,2014M12,Index,2021M4,109.65
TRANSPORT,2014M12,Index,2021M5,109.65
TRANSPORT,2014M12,Index,2021M6,109.99
TRANSPORT,2014M12,Index,2021M7,110.54
TRANSPORT,2014M12,Index,2021M8,110.54
TRANSPORT,2014M12,Index,2021M9,110.54
TRANSPORT,2014M12,Index,2021M10,111.3518899
TRANSPORT,2014M12,Index,2021M11,111.3518899
TRANSPORT,2014M12,Index,2021M12,109.5234103
TRANSPORT,2014M12,Index,2022M1,107.2591171
TRANSPORT,2014M12,Index,2022M2,109.1709689
TRANSPORT,2014M12,Index,2022M3,111.1260051
TRANSPORT,2014M12,Index,2022M4,111.1260051
TRANSPORT,2014M12,Index,2022M5,111.13
TRANSPORT,2014M12,Index,2022M6,111.13
TRANSPORT,2014M12,Index,2022M7,110.57
TRANSPORT,2014M12,Index,2022M8,110.57
TRANSPORT,2014M12,Index,2022M9,109.72
TRANSPORT,2014M12,Index,2022M10,109.72
TRANSPORT,2014M12,Index,2022M11,108.42
TRANSPORT,2014M12,Index,2022M12,108.42
TRANSPORT,2014M12,Index,2023M1,109.71
TRANSPORT,2014M12,Index,2023M2,109.16
TRANSPORT,2014M12,Index,2023M3,109.51
TRANSPORT,2014M12,Index,2023M4,109.51
TRANSPORT,2014M12,Index,2023M5,120.96
TRANSPORT,2014M12,Index,2023M6,121.22
TRANSPORT,2014M12,Index,2023M7,121.29
TRANSPORT,2014M12,Index,2023M8,121.29
TRANSPORT,2014M12,Index,2023M9,121.29
TRANSPORT,2014M12,Index,2023M10,121.85
TRANSPORT,2014M12,Index,2023M11,122.04
TRANSPORT,2014M12,Index,2023M12,122.21
TRANSPORT,2014M12,Index,2024M1,120.66
TRANSPORT,2014M12,Index,2024M2,119.73
TRANSPORT,2014M12,Index,2024M3,120.03
TRANSPORT,2014M12,Index,2024M4,120.31
TRANSPORT,2014M12,Index,2024M5,122.64
TRANSPORT,2014M12,Index,2024M6,128.06
TRANSPORT,2014M12,Index,2024M7,142.2
TRANSPORT,2014M12,Index,2024M8,142.72
TRANSPORT,2014M12,Index,2024M9,142.1
TRANSPORT,2014M12,Index,2024M10,145.1
TRANSPORT,2014M12,Index,2024M11,148.8
TRANSPORT,2014M12,Index,2024M12,148.14
COMMUNICATION,2014M12,Index,2014M12,100
COMMUNICATION,2014M12,Index,2015M1,101.2511593
COMMUNICATION,2014M12,Index,2015M2,101.2511593
COMMUNICATION,2014M12,Index,2015M3,101.2511593
COMMUNICATION,2014M12,Index,2015M4,101.2511593
COMMUNICATION,2014M12,Index,2015M5,102.0662356
COMMUNICATION,2014M12,Index,2015M6,102.0662356
COMMUNICATION,2014M12,Index,2015M7,103.4586576
COMMUNICATION,2014M12,Index,2015M8,103.4586576
COMMUNICATION,2014M12,Index,2015M9,103.4586576
COMMUNICATION,2014M12,Index,2015M10,102.0662356
COMMUNICATION,2014M12,Index,2015M11,102.0662356
COMMUNICATION,2014M12,Index,2015M12,102.0662356
COMMUNICATION,2014M12,Index,2016M1,98.39003993
COMMUNICATION,2014M12,Index,2016M2,98.39003993
COMMUNICATION,2014M12,Index,2016M3,98.39003993
COMMUNICATION,2014M12,Index,2016M4,98.98392897
COMMUNICATION,2014M12,Index,2016M5,98.56555975
COMMUNICATION,2014M12,Index,2016M6,99.06973784
COMMUNICATION,2014M12,Index,2016M7,98.65136863
COMMUNICATION,2014M12,Index,2016M8,99.27892245
COMMUNICATION,2014M12,Index,2016M9,99.69729167
COMMUNICATION,2014M12,Index,2016M10,106.3807656
COMMUNICATION,2014M12,Index,2016M11,107.0510998
COMMUNICATION,2014M12,Index,2016M12,94.58162595
COMMUNICATION,2014M12,Index,2017M1,94.31373187
COMMUNICATION,2014M12,Index,2017M2,94.27869959
COMMUNICATION,2014M12,Index,2017M3,94.41454564
COMMUNICATION,2014M12,Index,2017M4,94.41454564
COMMUNICATION,2014M12,Index,2017M5,94.31247807
COMMUNICATION,2014M12,Index,2017M6,94.38441696
COMMUNICATION,2014M12,Index,2017M7,94.38441696
COMMUNICATION,2014M12,Index,2017M8,94.38441696
COMMUNICATION,2014M12,Index,2017M9,94.38441696
COMMUNICATION,2014M12,Index,2017M10,94.38441696
COMMUNICATION,2014M12,Index,2017M11,94.38441696
COMMUNICATION,2014M12,Index,2017M12,94.38441696
COMMUNICATION,2014M12,Index,2018M1,94.38441696
COMMUNICATION,2014M12,Index,2018M2,94.38441696
COMMUNICATION,2014M12,Index,2018M3,94.37762466
COMMUNICATION,2014M12,Index,2018M4,94.32680591
COMMUNICATION,2014M12,Index,2018M5,94.32680591
COMMUNICATION,2014M12,Index,2018M6,94.32680591
COMMUNICATION,2014M12,Index,2018M7,94.32680591
COMMUNICATION,2014M12,Index,2018M8,94.32680591
COMMUNICATION,2014M12,Index,2018M9,94.32680591
COMMUNICATION,2014M12,Index,2018M10,94.60436128
COMMUNICATION,2014M12,Index,2018M11,94.36583734
COMMUNICATION,2014M12,Index,2018M12,94.36583734
COMMUNICATION,2014M12,Index,2019M1,94.36583734
COMMUNICATION,2014M12,Index,2019M2,96.65877119
COMMUNICATION,2014M12,Index,2019M3,96.65877119
COMMUNICATION,2014M12,Index,2019M4,96.65877119
COMMUNICATION,2014M12,Index,2019M5,96.32375211
COMMUNICATION,2014M12,Index,2019M6,95.54662186
COMMUNICATION,2014M12,Index,2019M7,96.32375211
COMMUNICATION,2014M12,Index,2019M8,96.32375211
COMMUNICATION,2014M12,Index,2019M9,96.32375211
COMMUNICATION,2014M12,Index,2019M10,96.32375211
COMMUNICATION,2014M12,Index,2019M11,96.32375211
COMMUNICATION,2014M12,Index,2019M12,96.32375211
COMMUNICATION,2014M12,Index,2020M1,96.32375211
COMMUNICATION,2014M12,Index,2020M2,96.32375211
COMMUNICATION,2014M12,Index,2020M3,99.56870068
COMMUNICATION,2014M12,Index,2020M4,99.56870068
COMMUNICATION,2014M12,Index,2020M5,101.30828
COMMUNICATION,2014M12,Index,2020M6,101.30828
COMMUNICATION,2014M12,Index,2020M7,101.30828
COMMUNICATION,2014M12,Index,2020M8,101.30828
COMMUNICATION,2014M12,Index,2020M9,101.30828
COMMUNICATION,2014M12,Index,2020M10,101.30828
COMMUNICATION,2014M12,Index,2020M11,101.30828
COMMUNICATION,2014M12,Index,2020M12,101.0950109
COMMUNICATION,2014M12,Index,2021M1,101.31
COMMUNICATION,2014M12,Index,2021M2,102.78
COMMUNICATION,2014M12,Index,2021M3,102.78
COMMUNICATION,2014M12,Index,2021M4,103.03
COMMUNICATION,2014M12,Index,2021M5,103.03
COMMUNICATION,2014M12,Index,2021M6,103.03
COMMUNICATION,2014M12,Index,2021M7,103.03
COMMUNICATION,2014M12,Index,2021M8,103.03
COMMUNICATION,2014M12,Index,2021M9,103.03
COMMUNICATION,2014M12,Index,2021M10,103.0337271
COMMUNICATION,2014M12,Index,2021M11,103.0337271
COMMUNICATION,2014M12,Index,2021M12,103.0337271
COMMUNICATION,2014M12,Index,2022M1,103.0337271
COMMUNICATION,2014M12,Index,2022M2,103.0337271
COMMUNICATION,2014M12,Index,2022M3,103.0337271
COMMUNICATION,2014M12,Index,2022M4,103.0337271
COMMUNICATION,2014M12,Index,2022M5,103.03
COMMUNICATION,2014M12,Index,2022M6,103.03
COMMUNICATION,2014M12,Index,2022M7,103.03
COMMUNICATION,2014M12,Index,2022M8,103.03
COMMUNICATION,2014M12,Index,2022M9,103.03
COMMUNICATION,2014M12,Index,2022M10,103.03
COMMUNICATION,2014M12,Index,2022M11,103.03
COMMUNICATION,2014M12,Index,2022M12,103.03
COMMUNICATION,2014M12,Index,2023M1,103.03
COMMUNICATION,2014M12,Index,2023M2,103.03
COMMUNICATION,2014M12,Index,2023M3,103.03
COMMUNICATION,2014M12,Index,2023M4,103.03
COMMUNICATION,2014M12,Index,2023M5,117.07
COMMUNICATION,2014M12,Index,2023M6,117.07
COMMUNICATION,2014M12,Index,2023M7,130.1
COMMUNICATION,2014M12,Index,2023M8,129.05
COMMUNICATION,2014M12,Index,2023M9,151.63
COMMUNICATION,2014M12,Index,2023M10,161.02
COMMUNICATION,2014M12,Index,2023M11,166.78
COMMUNICATION,2014M12,Index,2023M12,166.78
COMMUNICATION,2014M12,Index,2024M1,166.78
COMMUNICATION,2014M12,Index,2024M2,166.78
COMMUNICATION,2014M12,Index,2024M3,166.78
COMMUNICATION,2014M12,Index,2024M4,166.78
COMMUNICATION,2014M12,Index,2024M5,166.78
COMMUNICATION,2014M12,Index,2024M6,184.16
COMMUNICATION,2014M12,Index,2024M7,184.16
COMMUNICATION,2014M12,Index,2024M8,184.16
COMMUNICATION,2014M12,Index,2024M9,232.47
COMMUNICATION,2014M12,Index,2024M10,292.46
COMMUNICATION,2014M12,Index,2024M11,298.78
COMMUNICATION,2014M12,Index,2024M12,297.39
RECREATION AND CULTURE,2014M12,Index,2014M12,100
RECREATION AND CULTURE,2014M12,Index,2015M1,99.73943572
RECREATION AND CULTURE,2014M12,Index,2015M2,97.53297043
RECREATION AND CULTURE,2014M12,Index,2015M3,100.1521277
RECREATION AND CULTURE,2014M12,Index,2015M4,100.731546
RECREATION AND CULTURE,2014M12,Index,2015M5,100.606546
RECREATION AND CULTURE,2014M12,Index,2015M6,100.606546
RECREATION AND CULTURE,2014M12,Index,2015M7,102.835681
RECREATION AND CULTURE,2014M12,Index,2015M8,102.6181721
RECREATION AND CULTURE,2014M12,Index,2015M9,102.7431721
RECREATION AND CULTURE,2014M12,Index,2015M10,100.531546
RECREATION AND CULTURE,2014M12,Index,2015M11,100.531546
RECREATION AND CULTURE,2014M12,Index,2015M12,100.531546
RECREATION AND CULTURE,2014M12,Index,2016M1,97.91039788
RECREATION AND CULTURE,2014M12,Index,2016M2,97.56150194
RECREATION AND CULTURE,2014M12,Index,2016M3,97.81343816
RECREATION AND CULTURE,2014M12,Index,2016M4,99.39363026
RECREATION AND CULTURE,2014M12,Index,2016M5,99.39363026
RECREATION AND CULTURE,2014M12,Index,2016M6,99.87888639
RECREATION AND CULTURE,2014M12,Index,2016M7,99.55859472
RECREATION AND CULTURE,2014M12,Index,2016M8,99.60614965
RECREATION AND CULTURE,2014M12,Index,2016M9,99.67298241
RECREATION AND CULTURE,2014M12,Index,2016M10,99.96116772
RECREATION AND CULTURE,2014M12,Index,2016M11,98.69008637
RECREATION AND CULTURE,2014M12,Index,2016M12,103.1855614
RECREATION AND CULTURE,2014M12,Index,2017M1,99.14516942
RECREATION AND CULTURE,2014M12,Index,2017M2,99.29321246
RECREATION AND CULTURE,2014M12,Index,2017M3,95.60598021
RECREATION AND CULTURE,2014M12,Index,2017M4,98.10259282
RECREATION AND CULTURE,2014M12,Index,2017M5,100.0211255
RECREATION AND CULTURE,2014M12,Index,2017M6,98.91670692
RECREATION AND CULTURE,2014M12,Index,2017M7,99.72462414
RECREATION AND CULTURE,2014M12,Index,2017M8,100.7726488
RECREATION AND CULTURE,2014M12,Index,2017M9,100.9569535
RECREATION AND CULTURE,2014M12,Index,2017M10,101.5931559
RECREATION AND CULTURE,2014M12,Index,2017M11,101.4797429
RECREATION AND CULTURE,2014M12,Index,2017M12,101.4101826
RECREATION AND CULTURE,2014M12,Index,2018M1,101.2879878
RECREATION AND CULTURE,2014M12,Index,2018M2,101.2879878
RECREATION AND CULTURE,2014M12,Index,2018M3,101.2795569
RECREATION AND CULTURE,2014M12,Index,2018M4,101.6119185
RECREATION AND CULTURE,2014M12,Index,2018M5,101.8126707
RECREATION AND CULTURE,2014M12,Index,2018M6,101.8126707
RECREATION AND CULTURE,2014M12,Index,2018M7,101.9062002
RECREATION AND CULTURE,2014M12,Index,2018M8,101.9062002
RECREATION AND CULTURE,2014M12,Index,2018M9,102.5378435
RECREATION AND CULTURE,2014M12,Index,2018M10,104.3808285
RECREATION AND CULTURE,2014M12,Index,2018M11,101.9539636
RECREATION AND CULTURE,2014M12,Index,2018M12,102.502246
RECREATION AND CULTURE,2014M12,Index,2019M1,102.5548776
RECREATION AND CULTURE,2014M12,Index,2019M2,102.794082
RECREATION AND CULTURE,2014M12,Index,2019M3,102.3891924
RECREATION AND CULTURE,2014M12,Index,2019M4,102.3376242
RECREATION AND CULTURE,2014M12,Index,2019M5,102.3082699
RECREATION AND CULTURE,2014M12,Index,2019M6,101.1547022
RECREATION AND CULTURE,2014M12,Index,2019M7,97.84337734
RECREATION AND CULTURE,2014M12,Index,2019M8,98.29412953
RECREATION AND CULTURE,2014M12,Index,2019M9,97.30034071
RECREATION AND CULTURE,2014M12,Index,2019M10,98.45059622
RECREATION AND CULTURE,2014M12,Index,2019M11,98.45059622
RECREATION AND CULTURE,2014M12,Index,2019M12,98.45059622
RECREATION AND CULTURE,2014M12,Index,2020M1,98.54150531
RECREATION AND CULTURE,2014M12,Index,2020M2,98.54150531
RECREATION AND CULTURE,2014M12,Index,2020M3,98.54150531
RECREATION AND CULTURE,2014M12,Index,2020M4,98.54150531
RECREATION AND CULTURE,2014M12,Index,2020M5,98.54150531
RECREATION AND CULTURE,2014M12,Index,2020M6,98.54150531
RECREATION AND CULTURE,2014M12,Index,2020M7,98.54150531
RECREATION AND CULTURE,2014M12,Index,2020M8,98.54150531
RECREATION AND CULTURE,2014M12,Index,2020M9,98.54150531
RECREATION AND CULTURE,2014M12,Index,2020M10,98.54150531
RECREATION AND CULTURE,2014M12,Index,2020M11,98.54150531
RECREATION AND CULTURE,2014M12,Index,2020M12,98.04576452
RECREATION AND CULTURE,2014M12,Index,2021M1,98.13
RECREATION AND CULTURE,2014M12,Index,2021M2,100.04
RECREATION AND CULTURE,2014M12,Index,2021M3,101.9
RECREATION AND CULTURE,2014M12,Index,2021M4,103.75
RECREATION AND CULTURE,2014M12,Index,2021M5,103.75
RECREATION AND CULTURE,2014M12,Index,2021M6,103.75
RECREATION AND CULTURE,2014M12,Index,2021M7,103.75
RECREATION AND CULTURE,2014M12,Index,2021M8,103.75
RECREATION AND CULTURE,2014M12,Index,2021M9,103.75
RECREATION AND CULTURE,2014M12,Index,2021M10,103.7529047
RECREATION AND CULTURE,2014M12,Index,2021M11,103.7529047
RECREATION AND CULTURE,2014M12,Index,2021M12,103.682795
RECREATION AND CULTURE,2014M12,Index,2022M1,101.639715
RECREATION AND CULTURE,2014M12,Index,2022M2,101.639715
RECREATION AND CULTURE,2014M12,Index,2022M3,103.8471794
RECREATION AND CULTURE,2014M12,Index,2022M4,103.8471794
RECREATION AND CULTURE,2014M12,Index,2022M5,103.85
RECREATION AND CULTURE,2014M12,Index,2022M6,103.85
RECREATION AND CULTURE,2014M12,Index,2022M7,103.85
RECREATION AND CULTURE,2014M12,Index,2022M8,103.85
RECREATION AND CULTURE,2014M12,Index,2022M9,103.85
RECREATION AND CULTURE,2014M12,Index,2022M10,103.85
RECREATION AND CULTURE,2014M12,Index,2022M11,103.85
RECREATION AND CULTURE,2014M12,Index,2022M12,103.85
RECREATION AND CULTURE,2014M12,Index,2023M1,103.85
RECREATION AND CULTURE,2014M12,Index,2023M2,103.85
RECREATION AND CULTURE,2014M12,Index,2023M3,103.85
RECREATION AND CULTURE,2014M12,Index,2023M4,103.85
RECREATION AND CULTURE,2014M12,Index,2023M5,103.85
RECREATION AND CULTURE,2014M12,Index,2023M6,104.3
RECREATION AND CULTURE,2014M12,Index,2023M7,104.3
RECREATION AND CULTURE,2014M12,Index,2023M8,104.3
RECREATION AND CULTURE,2014M12,Index,2023M9,104.3
RECREATION AND CULTURE,2014M12,Index,2023M10,104.3
RECREATION AND CULTURE,2014M12,Index,2023M11,104.3
RECREATION AND CULTURE,2014M12,Index,2023M12,104.3
RECREATION AND CULTURE,2014M12,Index,2024M1,104.3
RECREATION AND CULTURE,2014M12,Index,2024M2,104.3
RECREATION AND CULTURE,2014M12,Index,2024M3,104.3
RECREATION AND CULTURE,2014M12,Index,2024M4,104.3
RECREATION AND CULTURE,2014M12,Index,2024M5,104.3
RECREATION AND CULTURE,2014M12,Index,2024M6,120.51
RECREATION AND CULTURE,2014M12,Index,2024M7,137.25
RECREATION AND CULTURE,2014M12,Index,2024M8,137.05
RECREATION AND CULTURE,2014M12,Index,2024M9,137.29
RECREATION AND CULTURE,2014M12,Index,2024M10,134.77
RECREATION AND CULTURE,2014M12,Index,2024M11,137.26
RECREATION AND CULTURE,2014M12,Index,2024M12,136.31
EDUCATION,2014M12,Index,2014M12,100
EDUCATION,2014M12,Index,2015M1,98.21516951
EDUCATION,2014M12,Index,2015M2,98.21516951
EDUCATION,2014M12,Index,2015M3,98.38720724
EDUCATION,2014M12,Index,2015M4,98.73128269
EDUCATION,2014M12,Index,2015M5,98.38720724
EDUCATION,2014M12,Index,2015M6,99.24739588
EDUCATION,2014M12,Index,2015M7,102.8814626
EDUCATION,2014M12,Index,2015M8,103.2660653
EDUCATION,2014M12,Index,2015M9,103.5241219
EDUCATION,2014M12,Index,2015M10,99.6774902
EDUCATION,2014M12,Index,2015M11,100.689147
EDUCATION,2014M12,Index,2015M12,101.1716956
EDUCATION,2014M12,Index,2016M1,106.0231951
EDUCATION,2014M12,Index,2016M2,106.0231951
EDUCATION,2014M12,Index,2016M3,106.0231951
EDUCATION,2014M12,Index,2016M4,101.5352086
EDUCATION,2014M12,Index,2016M5,101.5352086
EDUCATION,2014M12,Index,2016M6,99.95854119
EDUCATION,2014M12,Index,2016M7,99.95854119
EDUCATION,2014M12,Index,2016M8,99.95854119
EDUCATION,2014M12,Index,2016M9,99.95854119
EDUCATION,2014M12,Index,2016M10,102.7722672
EDUCATION,2014M12,Index,2016M11,101.072048
EDUCATION,2014M12,Index,2016M12,97.81799886
EDUCATION,2014M12,Index,2017M1,104.5866629
EDUCATION,2014M12,Index,2017M2,102.8181081
EDUCATION,2014M12,Index,2017M3,101.2118046
EDUCATION,2014M12,Index,2017M4,106.6984052
EDUCATION,2014M12,Index,2017M5,107.0359052
EDUCATION,2014M12,Index,2017M6,107.7504468
EDUCATION,2014M12,Index,2017M7,107.6095676
EDUCATION,2014M12,Index,2017M8,100.3229288
EDUCATION,2014M12,Index,2017M9,100.3175591
EDUCATION,2014M12,Index,2017M10,100.3863742
EDUCATION,2014M12,Index,2017M11,100.4723931
EDUCATION,2014M12,Index,2017M12,100.4293836
EDUCATION,2014M12,Index,2018M1,100.4293836
EDUCATION,2014M12,Index,2018M2,101.1996857
EDUCATION,2014M12,Index,2018M3,100.5232562
EDUCATION,2014M12,Index,2018M4,100.3978724
EDUCATION,2014M12,Index,2018M5,100.3978724
EDUCATION,2014M12,Index,2018M6,100.3978724
EDUCATION,2014M12,Index,2018M7,100.3978724
EDUCATION,2014M12,Index,2018M8,100.3978724
EDUCATION,2014M12,Index,2018M9,97.48237665
EDUCATION,2014M12,Index,2018M10,100.613118
EDUCATION,2014M12,Index,2018M11,100.4490278
EDUCATION,2014M12,Index,2018M12,100.4490278
EDUCATION,2014M12,Index,2019M1,100.4490278
EDUCATION,2014M12,Index,2019M2,101.5414685
EDUCATION,2014M12,Index,2019M3,106.9617857
EDUCATION,2014M12,Index,2019M4,106.9617857
EDUCATION,2014M12,Index,2019M5,105.9295594
EDUCATION,2014M12,Index,2019M6,105.9295594
EDUCATION,2014M12,Index,2019M7,105.9295594
EDUCATION,2014M12,Index,2019M8,105.9295594
EDUCATION,2014M12,Index,2019M9,105.9295594
EDUCATION,2014M12,Index,2019M10,107.7471776
EDUCATION,2014M12,Index,2019M11,107.7471776
EDUCATION,2014M12,Index,2019M12,107.7471776
EDUCATION,2014M12,Index,2020M1,107.7471776
EDUCATION,2014M12,Index,2020M2,107.7471776
EDUCATION,2014M12,Index,2020M3,107.7471776
EDUCATION,2014M12,Index,2020M4,107.7471776
EDUCATION,2014M12,Index,2020M5,107.7471776
EDUCATION,2014M12,Index,2020M6,106.2696477
EDUCATION,2014M12,Index,2020M7,106.2696477
EDUCATION,2014M12,Index,2020M8,106.2696477
EDUCATION,2014M12,Index,2020M9,106.2696477
EDUCATION,2014M12,Index,2020M10,108.5775484
EDUCATION,2014M12,Index,2020M11,109.8006857
EDUCATION,2014M12,Index,2020M12,109.8006857
EDUCATION,2014M12,Index,2021M1,109.8
EDUCATION,2014M12,Index,2021M2,109.8
EDUCATION,2014M12,Index,2021M3,109.8
EDUCATION,2014M12,Index,2021M4,109.8
EDUCATION,2014M12,Index,2021M5,109.8
EDUCATION,2014M12,Index,2021M6,109.8
EDUCATION,2014M12,Index,2021M7,109.8
EDUCATION,2014M12,Index,2021M8,109.8
EDUCATION,2014M12,Index,2021M9,109.8
EDUCATION,2014M12,Index,2021M10,109.8006857
EDUCATION,2014M12,Index,2021M11,109.8006857
EDUCATION,2014M12,Index,2021M12,109.8006857
EDUCATION,2014M12,Index,2022M1,109.1125348
EDUCATION,2014M12,Index,2022M2,109.1125348
EDUCATION,2014M12,Index,2022M3,109.1125348
EDUCATION,2014M12,Index,2022M4,109.1125348
EDUCATION,2014M12,Index,2022M5,109.11
EDUCATION,2014M12,Index,2022M6,109.11
EDUCATION,2014M12,Index,2022M7,109.11
EDUCATION,2014M12,Index,2022M8,109.11
EDUCATION,2014M12,Index,2022M9,109.11
EDUCATION,2014M12,Index,2022M10,109.11
EDUCATION,2014M12,Index,2022M11,109.11
EDUCATION,2014M12,Index,2022M12,109.11
EDUCATION,2014M12,Index,2023M1,109.11
EDUCATION,2014M12,Index,2023M2,109.11
EDUCATION,2014M12,Index,2023M3,109.11
EDUCATION,2014M12,Index,2023M4,109.11
EDUCATION,2014M12,Index,2023M5,109.11
EDUCATION,2014M12,Index,2023M6,109.11
EDUCATION,2014M12,Index,2023M7,116.95
EDUCATION,2014M12,Index,2023M8,116.95
EDUCATION,2014M12,Index,2023M9,116.95
EDUCATION,2014M12,Index,2023M10,116.95
EDUCATION,2014M12,Index,2023M11,116.95
EDUCATION,2014M12,Index,2023M12,116.95
EDUCATION,2014M12,Index,2024M1,116.95
EDUCATION,2014M12,Index,2024M2,116.95
EDUCATION,2014M12,Index,2024M3,116.95
EDUCATION,2014M12,Index,2024M4,116.95
EDUCATION,2014M12,Index,2024M5,116.95
EDUCATION,2014M12,Index,2024M6,117.1
EDUCATION,2014M12,Index,2024M7,115.66
EDUCATION,2014M12,Index,2024M8,109.75
EDUCATION,2014M12,Index,2024M9,109.75
EDUCATION,2014M12,Index,2024M10,109.75
EDUCATION,2014M12,Index,2024M11,110.26
EDUCATION,2014M12,Index,2024M12,110.18
RESTAURANTS AND HOTELS,2014M12,Index,2014M12,100
RESTAURANTS AND HOTELS,2014M12,Index,2015M1,92.70847178
RESTAURANTS AND HOTELS,2014M12,Index,2015M2,92.70847178
RESTAURANTS AND HOTELS,2014M12,Index,2015M3,93.21993256
RESTAURANTS AND HOTELS,2014M12,Index,2015M4,93.21993256
RESTAURANTS AND HOTELS,2014M12,Index,2015M5,93.21993256
RESTAURANTS AND HOTELS,2014M12,Index,2015M6,93.21993256
RESTAURANTS AND HOTELS,2014M12,Index,2015M7,94.52450042
RESTAURANTS AND HOTELS,2014M12,Index,2015M8,94.59175248
RESTAURANTS AND HOTELS,2014M12,Index,2015M9,94.59175248
RESTAURANTS AND HOTELS,2014M12,Index,2015M10,93.21993256
RESTAURANTS AND HOTELS,2014M12,Index,2015M11,94.15315236
RESTAURANTS AND HOTELS,2014M12,Index,2015M12,93.21416727
RESTAURANTS AND HOTELS,2014M12,Index,2016M1,105.2417807
RESTAURANTS AND HOTELS,2014M12,Index,2016M2,105.3554386
RESTAURANTS AND HOTELS,2014M12,Index,2016M3,115.661136
RESTAURANTS AND HOTELS,2014M12,Index,2016M4,115.5071516
RESTAURANTS AND HOTELS,2014M12,Index,2016M5,115.5071516
RESTAURANTS AND HOTELS,2014M12,Index,2016M6,115.5010056
RESTAURANTS AND HOTELS,2014M12,Index,2016M7,115.5010056
RESTAURANTS AND HOTELS,2014M12,Index,2016M8,115.5010056
RESTAURANTS AND HOTELS,2014M12,Index,2016M9,115.5010056
RESTAURANTS AND HOTELS,2014M12,Index,2016M10,108.9025373
RESTAURANTS AND HOTELS,2014M12,Index,2016M11,115.9527285
RESTAURANTS AND HOTELS,2014M12,Index,2016M12,117.1285351
RESTAURANTS AND HOTELS,2014M12,Index,2017M1,116.5942787
RESTAURANTS AND HOTELS,2014M12,Index,2017M2,121.4375311
RESTAURANTS AND HOTELS,2014M12,Index,2017M3,120.1984023
RESTAURANTS AND HOTELS,2014M12,Index,2017M4,117.3485838
RESTAURANTS AND HOTELS,2014M12,Index,2017M5,119.6494868
RESTAURANTS AND HOTELS,2014M12,Index,2017M6,123.3054829
RESTAURANTS AND HOTELS,2014M12,Index,2017M7,123.6684541
RESTAURANTS AND HOTELS,2014M12,Index,2017M8,123.7029954
RESTAURANTS AND HOTELS,2014M12,Index,2017M9,123.8540688
RESTAURANTS AND HOTELS,2014M12,Index,2017M10,123.7255184
RESTAURANTS AND HOTELS,2014M12,Index,2017M11,123.8540688
RESTAURANTS AND HOTELS,2014M12,Index,2017M12,126.5609146
RESTAURANTS AND HOTELS,2014M12,Index,2018M1,126.5609146
RESTAURANTS AND HOTELS,2014M12,Index,2018M2,126.5609146
RESTAURANTS AND HOTELS,2014M12,Index,2018M3,126.5609146
RESTAURANTS AND HOTELS,2014M12,Index,2018M4,131.2275813
RESTAURANTS AND HOTELS,2014M12,Index,2018M5,131.0269868
RESTAURANTS AND HOTELS,2014M12,Index,2018M6,131.0269868
RESTAURANTS AND HOTELS,2014M12,Index,2018M7,131.0269868
RESTAURANTS AND HOTELS,2014M12,Index,2018M8,131.0269868
RESTAURANTS AND HOTELS,2014M12,Index,2018M9,132.7144868
RESTAURANTS AND HOTELS,2014M12,Index,2018M10,132.7144868
RESTAURANTS AND HOTELS,2014M12,Index,2018M11,132.737548
RESTAURANTS AND HOTELS,2014M12,Index,2018M12,137.6315306
RESTAURANTS AND HOTELS,2014M12,Index,2019M1,132.9648639
RESTAURANTS AND HOTELS,2014M12,Index,2019M2,134.9708083
RESTAURANTS AND HOTELS,2014M12,Index,2019M3,134.9708083
RESTAURANTS AND HOTELS,2014M12,Index,2019M4,134.9708083
RESTAURANTS AND HOTELS,2014M12,Index,2019M5,138.5869178
RESTAURANTS AND HOTELS,2014M12,Index,2019M6,134.4231836
RESTAURANTS AND HOTELS,2014M12,Index,2019M7,134.1925719
RESTAURANTS AND HOTELS,2014M12,Index,2019M8,134.1925719
RESTAURANTS AND HOTELS,2014M12,Index,2019M9,135.8800719
RESTAURANTS AND HOTELS,2014M12,Index,2019M10,138.6078628
RESTAURANTS AND HOTELS,2014M12,Index,2019M11,135.9010169
RESTAURANTS AND HOTELS,2014M12,Index,2019M12,135.9010169
RESTAURANTS AND HOTELS,2014M12,Index,2020M1,135.9240781
RESTAURANTS AND HOTELS,2014M12,Index,2020M2,136.6060258
RESTAURANTS AND HOTELS,2014M12,Index,2020M3,136.6060258
RESTAURANTS AND HOTELS,2014M12,Index,2020M4,136.6060258
RESTAURANTS AND HOTELS,2014M12,Index,2020M5,136.6060258
RESTAURANTS AND HOTELS,2014M12,Index,2020M6,136.6060258
RESTAURANTS AND HOTELS,2014M12,Index,2020M7,136.6060258
RESTAURANTS AND HOTELS,2014M12,Index,2020M8,136.6060258
RESTAURANTS AND HOTELS,2014M12,Index,2020M9,136.6060258
RESTAURANTS AND HOTELS,2014M12,Index,2020M10,138.7580916
RESTAURANTS AND HOTELS,2014M12,Index,2020M11,138.7580916
RESTAURANTS AND HOTELS,2014M12,Index,2020M12,138.7580916
RESTAURANTS AND HOTELS,2014M12,Index,2021M1,133.78
RESTAURANTS AND HOTELS,2014M12,Index,2021M2,138.44
RESTAURANTS AND HOTELS,2014M12,Index,2021M3,138.44
RESTAURANTS AND HOTELS,2014M12,Index,2021M4,138.44
RESTAURANTS AND HOTELS,2014M12,Index,2021M5,138.44
RESTAURANTS AND HOTELS,2014M12,Index,2021M6,138.44
RESTAURANTS AND HOTELS,2014M12,Index,2021M7,143.51
RESTAURANTS AND HOTELS,2014M12,Index,2021M8,143.51
RESTAURANTS AND HOTELS,2014M12,Index,2021M9,143.51
RESTAURANTS AND HOTELS,2014M12,Index,2021M10,143.5072535
RESTAURANTS AND HOTELS,2014M12,Index,2021M11,143.5072535
RESTAURANTS AND HOTELS,2014M12,Index,2021M12,133.7780868
RESTAURANTS AND HOTELS,2014M12,Index,2022M1,133.7780868
RESTAURANTS AND HOTELS,2014M12,Index,2022M2,133.7780868
RESTAURANTS AND HOTELS,2014M12,Index,2022M3,136.0512458
RESTAURANTS AND HOTELS,2014M12,Index,2022M4,136.0512458
RESTAURANTS AND HOTELS,2014M12,Index,2022M5,136.05
RESTAURANTS AND HOTELS,2014M12,Index,2022M6,140.72
RESTAURANTS AND HOTELS,2014M12,Index,2022M7,140.72
RESTAURANTS AND HOTELS,2014M12,Index,2022M8,140.72
RESTAURANTS AND HOTELS,2014M12,Index,2022M9,140.72
RESTAURANTS AND HOTELS,2014M12,Index,2022M10,140.72
RESTAURANTS AND HOTELS,2014M12,Index,2022M11,145.78
RESTAURANTS AND HOTELS,2014M12,Index,2022M12,145.78
RESTAURANTS AND HOTELS,2014M12,Index,2023M1,145.78
RESTAURANTS AND HOTELS,2014M12,Index,2023M2,145.78
RESTAURANTS AND HOTELS,2014M12,Index,2023M3,145.78
RESTAURANTS AND HOTELS,2014M12,Index,2023M4,145.78
RESTAURANTS AND HOTELS,2014M12,Index,2023M5,145.78
RESTAURANTS AND HOTELS,2014M12,Index,2023M6,145.78
RESTAURANTS AND HOTELS,2014M12,Index,2023M7,150.45
RESTAURANTS AND HOTELS,2014M12,Index,2023M8,145.78
RESTAURANTS AND HOTELS,2014M12,Index,2023M9,145.78
RESTAURANTS AND HOTELS,2014M12,Index,2023M10,145.78
RESTAURANTS AND HOTELS,2014M12,Index,2023M11,150.45
RESTAURANTS AND HOTELS,2014M12,Index,2023M12,150.45
RESTAURANTS AND HOTELS,2014M12,Index,2024M1,150.45
RESTAURANTS AND HOTELS,2014M12,Index,2024M2,150.45
RESTAURANTS AND HOTELS,2014M12,Index,2024M3,156.13
RESTAURANTS AND HOTELS,2014M12,Index,2024M4,156.13
RESTAURANTS AND HOTELS,2014M12,Index,2024M5,156.13
RESTAURANTS AND HOTELS,2014M12,Index,2024M6,178.72
RESTAURANTS AND HOTELS,2014M12,Index,2024M7,192.79
RESTAURANTS AND HOTELS,2014M12,Index,2024M8,192.79
RESTAURANTS AND HOTELS,2014M12,Index,2024M9,205.92
RESTAURANTS AND HOTELS,2014M12,Index,2024M10,200.3
RESTAURANTS AND HOTELS,2014M12,Index,2024M11,200.76
RESTAURANTS AND HOTELS,2014M12,Index,2024M12,198.89
MISCELLANEOUS GOODS AND SERVICES,2014M12,Index,2014M12,100
MISCELLANEOUS GOODS AND SERVICES,2014M12,Index,2015M1,101.2612653
MISCELLANEOUS GOODS AND SERVICES,2014M12,Index,2015M2,101.2612653
MISCELLANEOUS GOODS AND SERVICES,2014M12,Index,2015M3,101.3762505
MISCELLANEOUS GOODS AND SERVICES,2014M12,Index,2015M4,101.4495454
MISCELLANEOUS GOODS AND SERVICES,2014M12,Index,2015M5,101.6743465
MISCELLANEOUS GOODS AND SERVICES,2014M12,Index,2015M6,101.6743465
MISCELLANEOUS GOODS AND SERVICES,2014M12,Index,2015M7,106.6664698
MISCELLANEOUS GOODS AND SERVICES,2014M12,Index,2015M8,108.0256486
MISCELLANEOUS GOODS AND SERVICES,2014M12,Index,2015M9,108.1062218
MISCELLANEOUS GOODS AND SERVICES,2014M12,Index,2015M10,102.2290323
MISCELLANEOUS GOODS AND SERVICES,2014M12,Index,2015M11,101.7828306
MISCELLANEOUS GOODS AND SERVICES,2014M12,Index,2015M12,101.6743465
MISCELLANEOUS GOODS AND SERVICES,2014M12,Index,2016M1,103.3856494
MISCELLANEOUS GOODS AND SERVICES,2014M12,Index,2016M2,103.715791
MISCELLANEOUS GOODS AND SERVICES,2014M12,Index,2016M3,103.6615543
MISCELLANEOUS GOODS AND SERVICES,2014M12,Index,2016M4,95.3126514
MISCELLANEOUS GOODS AND SERVICES,2014M12,Index,2016M5,95.90088285
MISCELLANEOUS GOODS AND SERVICES,2014M12,Index,2016M6,96.58889843
MISCELLANEOUS GOODS AND SERVICES,2014M12,Index,2016M7,97.15491384
MISCELLANEOUS GOODS AND SERVICES,2014M12,Index,2016M8,97.62659334
MISCELLANEOUS GOODS AND SERVICES,2014M12,Index,2016M9,97.62659334
MISCELLANEOUS GOODS AND SERVICES,2014M12,Index,2016M10,101.5549822
MISCELLANEOUS GOODS AND SERVICES,2014M12,Index,2016M11,102.094964
MISCELLANEOUS GOODS AND SERVICES,2014M12,Index,2016M12,102.9963519
MISCELLANEOUS GOODS AND SERVICES,2014M12,Index,2017M1,102.8752886
MISCELLANEOUS GOODS AND SERVICES,2014M12,Index,2017M2,103.0311454
MISCELLANEOUS GOODS AND SERVICES,2014M12,Index,2017M3,99.29580433
MISCELLANEOUS GOODS AND SERVICES,2014M12,Index,2017M4,102.914491
MISCELLANEOUS GOODS AND SERVICES,2014M12,Index,2017M5,102.4222359
MISCELLANEOUS GOODS AND SERVICES,2014M12,Index,2017M6,98.26743295
MISCELLANEOUS GOODS AND SERVICES,2014M12,Index,2017M7,99.02475077
MISCELLANEOUS GOODS AND SERVICES,2014M12,Index,2017M8,100.1524031
MISCELLANEOUS GOODS AND SERVICES,2014M12,Index,2017M9,101.0809502
MISCELLANEOUS GOODS AND SERVICES,2014M12,Index,2017M10,102.0299005
MISCELLANEOUS GOODS AND SERVICES,2014M12,Index,2017M11,102.2578704
MISCELLANEOUS GOODS AND SERVICES,2014M12,Index,2017M12,101.9552825
MISCELLANEOUS GOODS AND SERVICES,2014M12,Index,2018M1,101.9548195
MISCELLANEOUS GOODS AND SERVICES,2014M12,Index,2018M2,101.9998991
MISCELLANEOUS GOODS AND SERVICES,2014M12,Index,2018M3,101.9084998
MISCELLANEOUS GOODS AND SERVICES,2014M12,Index,2018M4,102.647022
MISCELLANEOUS GOODS AND SERVICES,2014M12,Index,2018M5,102.4555775
MISCELLANEOUS GOODS AND SERVICES,2014M12,Index,2018M6,102.4022445
MISCELLANEOUS GOODS AND SERVICES,2014M12,Index,2018M7,103.3309939
MISCELLANEOUS GOODS AND SERVICES,2014M12,Index,2018M8,103.3309939
MISCELLANEOUS GOODS AND SERVICES,2014M12,Index,2018M9,106.1176573
MISCELLANEOUS GOODS AND SERVICES,2014M12,Index,2018M10,108.8286181
MISCELLANEOUS GOODS AND SERVICES,2014M12,Index,2018M11,106.3756177
MISCELLANEOUS GOODS AND SERVICES,2014M12,Index,2018M12,107.435375
MISCELLANEOUS GOODS AND SERVICES,2014M12,Index,2019M1,107.6760925
MISCELLANEOUS GOODS AND SERVICES,2014M12,Index,2019M2,107.6483666
MISCELLANEOUS GOODS AND SERVICES,2014M12,Index,2019M3,107.6364675
MISCELLANEOUS GOODS AND SERVICES,2014M12,Index,2019M4,108.3226946
MISCELLANEOUS GOODS AND SERVICES,2014M12,Index,2019M5,107.9502455
MISCELLANEOUS GOODS AND SERVICES,2014M12,Index,2019M6,105.2331911
MISCELLANEOUS GOODS AND SERVICES,2014M12,Index,2019M7,105.8092603
MISCELLANEOUS GOODS AND SERVICES,2014M12,Index,2019M8,105.8092603
MISCELLANEOUS GOODS AND SERVICES,2014M12,Index,2019M9,104.2657219
MISCELLANEOUS GOODS AND SERVICES,2014M12,Index,2019M10,105.0261322
MISCELLANEOUS GOODS AND SERVICES,2014M12,Index,2019M11,105.0261322
MISCELLANEOUS GOODS AND SERVICES,2014M12,Index,2019M12,105.1118844
MISCELLANEOUS GOODS AND SERVICES,2014M12,Index,2020M1,103.9896697
MISCELLANEOUS GOODS AND SERVICES,2014M12,Index,2020M2,105.0003717
MISCELLANEOUS GOODS AND SERVICES,2014M12,Index,2020M3,106.2039757
MISCELLANEOUS GOODS AND SERVICES,2014M12,Index,2020M4,110.8575735
MISCELLANEOUS GOODS AND SERVICES,2014M12,Index,2020M5,110.8575735
MISCELLANEOUS GOODS AND SERVICES,2014M12,Index,2020M6,111.6746799
MISCELLANEOUS GOODS AND SERVICES,2014M12,Index,2020M7,111.6746799
MISCELLANEOUS GOODS AND SERVICES,2014M12,Index,2020M8,119.0593858
MISCELLANEOUS GOODS AND SERVICES,2014M12,Index,2020M9,120.347757
MISCELLANEOUS GOODS AND SERVICES,2014M12,Index,2020M10,121.5834977
MISCELLANEOUS GOODS AND SERVICES,2014M12,Index,2020M11,121.0554361
MISCELLANEOUS GOODS AND SERVICES,2014M12,Index,2020M12,118.8679424
MISCELLANEOUS GOODS AND SERVICES,2014M12,Index,2021M1,118.96
MISCELLANEOUS GOODS AND SERVICES,2014M12,Index,2021M2,119.86
MISCELLANEOUS GOODS AND SERVICES,2014M12,Index,2021M3,121.87
MISCELLANEOUS GOODS AND SERVICES,2014M12,Index,2021M4,125.12
MISCELLANEOUS GOODS AND SERVICES,2014M12,Index,2021M5,125.12
MISCELLANEOUS GOODS AND SERVICES,2014M12,Index,2021M6,125.69
MISCELLANEOUS GOODS AND SERVICES,2014M12,Index,2021M7,125.69
MISCELLANEOUS GOODS AND SERVICES,2014M12,Index,2021M8,125.69
MISCELLANEOUS GOODS AND SERVICES,2014M12,Index,2021M9,125.69
MISCELLANEOUS GOODS AND SERVICES,2014M12,Index,2021M10,125.8531127
MISCELLANEOUS GOODS AND SERVICES,2014M12,Index,2021M11,125.8531127
MISCELLANEOUS GOODS AND SERVICES,2014M12,Index,2021M12,120.2059055
MISCELLANEOUS GOODS AND SERVICES,2014M12,Index,2022M1,108.9515094
MISCELLANEOUS GOODS AND SERVICES,2014M12,Index,2022M2,108.9515094
MISCELLANEOUS GOODS AND SERVICES,2014M12,Index,2022M3,110.2070769
MISCELLANEOUS GOODS AND SERVICES,2014M12,Index,2022M4,110.2070769
MISCELLANEOUS GOODS AND SERVICES,2014M12,Index,2022M5,110.21
MISCELLANEOUS GOODS AND SERVICES,2014M12,Index,2022M6,110.27
MISCELLANEOUS GOODS AND SERVICES,2014M12,Index,2022M7,110.27
MISCELLANEOUS GOODS AND SERVICES,2014M12,Index,2022M8,110.27
MISCELLANEOUS GOODS AND SERVICES,2014M12,Index,2022M9,110.27
MISCELLANEOUS GOODS AND SERVICES,2014M12,Index,2022M10,110.27
MISCELLANEOUS GOODS AND SERVICES,2014M12,Index,2022M11,110.27
MISCELLANEOUS GOODS AND SERVICES,2014M12,Index,2022M12,108.31
MISCELLANEOUS GOODS AND SERVICES,2014M12,Index,2023M1,110.56
MISCELLANEOUS GOODS AND SERVICES,2014M12,Index,2023M2,112.01
MISCELLANEOUS GOODS AND SERVICES,2014M12,Index,2023M3,114.03
MISCELLANEOUS GOODS AND SERVICES,2014M12,Index,2023M4,114.03
MISCELLANEOUS GOODS AND SERVICES,2014M12,Index,2023M5,114.03
MISCELLANEOUS GOODS AND SERVICES,2014M12,Index,2023M6,114.03
MISCELLANEOUS GOODS AND SERVICES,2014M12,Index,2023M7,119.47
MISCELLANEOUS GOODS AND SERVICES,2014M12,Index,2023M8,118.8
MISCELLANEOUS GOODS AND SERVICES,2014M12,Index,2023M9,120.52
MISCELLANEOUS GOODS AND SERVICES,2014M12,Index,2023M10,120.52
MISCELLANEOUS GOODS AND SERVICES,2014M12,Index,2023M11,120.63
MISCELLANEOUS GOODS AND SERVICES,2014M12,Index,2023M12,121.41
MISCELLANEOUS GOODS AND SERVICES,2014M12,Index,2024M1,121.41
MISCELLANEOUS GOODS AND SERVICES,2014M12,Index,2024M2,121.41
MISCELLANEOUS GOODS AND SERVICES,2014M12,Index,2024M3,121.41
MISCELLANEOUS GOODS AND SERVICES,2014M12,Index,2024M4,134.74
MISCELLANEOUS GOODS AND SERVICES,2014M12,Index,2024M5,135.9
MISCELLANEOUS GOODS AND SERVICES,2014M12,Index,2024M6,139.58
MISCELLANEOUS GOODS AND SERVICES,2014M12,Index,2024M7,145.48
MISCELLANEOUS GOODS AND SERVICES,2014M12,Index,2024M8,146.36
MISCELLANEOUS GOODS AND SERVICES,2014M12,Index,2024M9,147.66
MISCELLANEOUS GOODS AND SERVICES,2014M12,Index,2024M10,142.31
MISCELLANEOUS GOODS AND SERVICES,2014M12,Index,2024M11,145.38
MISCELLANEOUS GOODS AND SERVICES,2014M12,Index,2024M12,142.36
