indicator,Unit,Date,Value
"National Currency per U.S. Dollar, monthly average",Somali shillings per US dollar,2015M1,22285
"National Currency per U.S. Dollar, monthly average",Somali shillings per US dollar,2015M2,22196
"National Currency per U.S. Dollar, monthly average",Somali shillings per US dollar,2015M3,22211
"National Currency per U.S. Dollar, monthly average",Somali shillings per US dollar,2015M4,22232
"National Currency per U.S. Dollar, monthly average",Somali shillings per US dollar,2015M5,22265
"National Currency per U.S. Dollar, monthly average",Somali shillings per US dollar,2015M6,22212
"National Currency per U.S. Dollar, monthly average",Somali shillings per US dollar,2015M7,22263
"National Currency per U.S. Dollar, monthly average",Somali shillings per US dollar,2015M8,22273
"National Currency per U.S. Dollar, monthly average",Somali shillings per US dollar,2015M9,22269
"National Currency per U.S. Dollar, monthly average",Somali shillings per US dollar,2015M10,22284
"National Currency per U.S. Dollar, monthly average",Somali shillings per US dollar,2015M11,22275
"National Currency per U.S. Dollar, monthly average",Somali shillings per US dollar,2015M12,22286
"National Currency per U.S. Dollar, monthly average",Somali shillings per US dollar,2016M1,22688
"National Currency per U.S. Dollar, monthly average",Somali shillings per US dollar,2016M2,22736
"National Currency per U.S. Dollar, monthly average",Somali shillings per US dollar,2016M3,22751
"National Currency per U.S. Dollar, monthly average",Somali shillings per US dollar,2016M4,22940
"National Currency per U.S. Dollar, monthly average",Somali shillings per US dollar,2016M5,23017
"National Currency per U.S. Dollar, monthly average",Somali shillings per US dollar,2016M6,22993
"National Currency per U.S. Dollar, monthly average",Somali shillings per US dollar,2016M7,23037
"National Currency per U.S. Dollar, monthly average",Somali shillings per US dollar,2016M8,23043
"National Currency per U.S. Dollar, monthly average",Somali shillings per US dollar,2016M9,22990
"National Currency per U.S. Dollar, monthly average",Somali shillings per US dollar,2016M10,23057
"National Currency per U.S. Dollar, monthly average",Somali shillings per US dollar,2016M11,23528
"National Currency per U.S. Dollar, monthly average",Somali shillings per US dollar,2016M12,23961
"National Currency per U.S. Dollar, monthly average",Somali shillings per US dollar,2017M1,23994
"National Currency per U.S. Dollar, monthly average",Somali shillings per US dollar,2017M2,21526
"National Currency per U.S. Dollar, monthly average",Somali shillings per US dollar,2017M3,21197
"National Currency per U.S. Dollar, monthly average",Somali shillings per US dollar,2017M4,23437
"National Currency per U.S. Dollar, monthly average",Somali shillings per US dollar,2017M5,23622
"National Currency per U.S. Dollar, monthly average",Somali shillings per US dollar,2017M6,23245
"National Currency per U.S. Dollar, monthly average",Somali shillings per US dollar,2017M7,23259
"National Currency per U.S. Dollar, monthly average",Somali shillings per US dollar,2017M8,23197
"National Currency per U.S. Dollar, monthly average",Somali shillings per US dollar,2017M9,23203
"National Currency per U.S. Dollar, monthly average",Somali shillings per US dollar,2017M10,23365
"National Currency per U.S. Dollar, monthly average",Somali shillings per US dollar,2017M11,23595
"National Currency per U.S. Dollar, monthly average",Somali shillings per US dollar,2017M12,23536
"National Currency per U.S. Dollar, monthly average",Somali shillings per US dollar,2018M1,23566
"National Currency per U.S. Dollar, monthly average",Somali shillings per US dollar,2018M2,23547
"National Currency per U.S. Dollar, monthly average",Somali shillings per US dollar,2018M3,23307
"National Currency per U.S. Dollar, monthly average",Somali shillings per US dollar,2018M4,23417
"National Currency per U.S. Dollar, monthly average",Somali shillings per US dollar,2018M5,23394
"National Currency per U.S. Dollar, monthly average",Somali shillings per US dollar,2018M6,23581
"National Currency per U.S. Dollar, monthly average",Somali shillings per US dollar,2018M7,24418
"National Currency per U.S. Dollar, monthly average",Somali shillings per US dollar,2018M8,24395
"National Currency per U.S. Dollar, monthly average",Somali shillings per US dollar,2018M9,24437
"National Currency per U.S. Dollar, monthly average",Somali shillings per US dollar,2018M10,24457
"National Currency per U.S. Dollar, monthly average",Somali shillings per US dollar,2018M11,24464
"National Currency per U.S. Dollar, monthly average",Somali shillings per US dollar,2018M12,24468
"National Currency per U.S. Dollar, monthly average",Somali shillings per US dollar,2019M1,24530
"National Currency per U.S. Dollar, monthly average",Somali shillings per US dollar,2019M2,24476
"National Currency per U.S. Dollar, monthly average",Somali shillings per US dollar,2019M3,24467
"National Currency per U.S. Dollar, monthly average",Somali shillings per US dollar,2019M4,24472
"National Currency per U.S. Dollar, monthly average",Somali shillings per US dollar,2019M5,24663
"National Currency per U.S. Dollar, monthly average",Somali shillings per US dollar,2019M6,25012
"National Currency per U.S. Dollar, monthly average",Somali shillings per US dollar,2019M7,25075
"National Currency per U.S. Dollar, monthly average",Somali shillings per US dollar,2019M8,25313
"National Currency per U.S. Dollar, monthly average",Somali shillings per US dollar,2019M9,25414
"National Currency per U.S. Dollar, monthly average",Somali shillings per US dollar,2019M10,25701
"National Currency per U.S. Dollar, monthly average",Somali shillings per US dollar,2019M11,25773
"National Currency per U.S. Dollar, monthly average",Somali shillings per US dollar,2019M12,25882
"National Currency per U.S. Dollar, monthly average",Somali shillings per US dollar,2020M1,25517
"National Currency per U.S. Dollar, monthly average",Somali shillings per US dollar,2020M2,25077
"National Currency per U.S. Dollar, monthly average",Somali shillings per US dollar,2020M3,25397
"National Currency per U.S. Dollar, monthly average",Somali shillings per US dollar,2020M4,25979
"National Currency per U.S. Dollar, monthly average",Somali shillings per US dollar,2020M5,25932
"National Currency per U.S. Dollar, monthly average",Somali shillings per US dollar,2020M6,25903
"National Currency per U.S. Dollar, monthly average",Somali shillings per US dollar,2020M7,25928
"National Currency per U.S. Dollar, monthly average",Somali shillings per US dollar,2020M8,25720
"National Currency per U.S. Dollar, monthly average",Somali shillings per US dollar,2020M9,25801
"National Currency per U.S. Dollar, monthly average",Somali shillings per US dollar,2020M10,25957
"National Currency per U.S. Dollar, monthly average",Somali shillings per US dollar,2020M11,25853
"National Currency per U.S. Dollar, monthly average",Somali shillings per US dollar,2020M12,26070
"National Currency per U.S. Dollar, monthly average",Somali shillings per US dollar,2021M1,26186
"National Currency per U.S. Dollar, monthly average",Somali shillings per US dollar,2021M2,25992
"National Currency per U.S. Dollar, monthly average",Somali shillings per US dollar,2021M3,26015
"National Currency per U.S. Dollar, monthly average",Somali shillings per US dollar,2021M4,25922
"National Currency per U.S. Dollar, monthly average",Somali shillings per US dollar,2021M5,26020
"National Currency per U.S. Dollar, monthly average",Somali shillings per US dollar,2021M6,26023
"National Currency per U.S. Dollar, monthly average",Somali shillings per US dollar,2021M7,26014
"National Currency per U.S. Dollar, monthly average",Somali shillings per US dollar,2021M8,26026
"National Currency per U.S. Dollar, monthly average",Somali shillings per US dollar,2021M9,26033
"National Currency per U.S. Dollar, monthly average",Somali shillings per US dollar,2021M10,26057
"National Currency per U.S. Dollar, monthly average",Somali shillings per US dollar,2021M11,26090
"National Currency per U.S. Dollar, monthly average",Somali shillings per US dollar,2021M12,26091
"National Currency per U.S. Dollar, monthly average",Somali shillings per US dollar,2022M1,26069
"National Currency per U.S. Dollar, monthly average",Somali shillings per US dollar,2022M2,25384
"National Currency per U.S. Dollar, monthly average",Somali shillings per US dollar,2022M3,26027
"National Currency per U.S. Dollar, monthly average",Somali shillings per US dollar,2022M4,26492
"National Currency per U.S. Dollar, monthly average",Somali shillings per US dollar,2022M5,26382
"National Currency per U.S. Dollar, monthly average",Somali shillings per US dollar,2022M6,26988
"National Currency per U.S. Dollar, monthly average",Somali shillings per US dollar,2022M7,26976
"National Currency per U.S. Dollar, monthly average",Somali shillings per US dollar,2022M8,26061
"National Currency per U.S. Dollar, monthly average",Somali shillings per US dollar,2022M9,26064
"National Currency per U.S. Dollar, monthly average",Somali shillings per US dollar,2022M10,27473
"National Currency per U.S. Dollar, monthly average",Somali shillings per US dollar,2022M11,28018
"National Currency per U.S. Dollar, monthly average",Somali shillings per US dollar,2022M12,28020
"National Currency per U.S. Dollar, monthly average",Somali shillings per US dollar,2023M1,27604
"National Currency per U.S. Dollar, monthly average",Somali shillings per US dollar,2023M2,26163
"National Currency per U.S. Dollar, monthly average",Somali shillings per US dollar,2023M3,26252
"National Currency per U.S. Dollar, monthly average",Somali shillings per US dollar,2023M4,27055
"National Currency per U.S. Dollar, monthly average",Somali shillings per US dollar,2023M5,27313
"National Currency per U.S. Dollar, monthly average",Somali shillings per US dollar,2023M6,27063
"National Currency per U.S. Dollar, monthly average",Somali shillings per US dollar,2023M7,27047
"National Currency per U.S. Dollar, monthly average",Somali shillings per US dollar,2023M8,27049
"National Currency per U.S. Dollar, monthly average",Somali shillings per US dollar,2023M9,27071
"National Currency per U.S. Dollar, monthly average",Somali shillings per US dollar,2023M10,27730
"National Currency per U.S. Dollar, monthly average",Somali shillings per US dollar,2023M11,28037
"National Currency per U.S. Dollar, monthly average",Somali shillings per US dollar,2023M12,28029
"National Currency per U.S. Dollar, monthly average",Somali shillings per US dollar,2024M1,28038
"National Currency per U.S. Dollar, monthly average",Somali shillings per US dollar,2024M2,28034
"National Currency per U.S. Dollar, monthly average",Somali shillings per US dollar,2024M3,28032
"National Currency per U.S. Dollar, monthly average",Somali shillings per US dollar,2024M4,28032
"National Currency per U.S. Dollar, monthly average",Somali shillings per US dollar,2024M5,28035
"National Currency per U.S. Dollar, monthly average",Somali shillings per US dollar,2024M6,28022
"National Currency per U.S. Dollar, monthly average",Somali shillings per US dollar,2024M7,28043
"National Currency per U.S. Dollar, monthly average",Somali shillings per US dollar,2024M8,28043
"National Currency per U.S. Dollar, monthly average",Somali shillings per US dollar,2024M9,26976
"National Currency per U.S. Dollar, monthly average",Somali shillings per US dollar,2024M10,28092
"National Currency per U.S. Dollar, monthly average",Somali shillings per US dollar,2024M11,29035
"National Currency per U.S. Dollar, monthly average",Somali shillings per US dollar,2024M12,29038
"National Currency per U.S. Dollar, monthly average",Somali shillings per US dollar,2025M1,29023
"National Currency per U.S. Dollar, monthly average",Somali shillings per US dollar,2025M2,29021
"National Currency per U.S. Dollar, monthly average",Somali shillings per US dollar,2025M3,28962
"National Currency per U.S. Dollar, monthly average",Somali shillings per US dollar,2025M4,29993
"National Currency per U.S. Dollar, monthly average",Somali shillings per US dollar,2025M5,30017
"National Currency per U.S. Dollar, monthly average",Somali shillings per US dollar,2025M6,29719
"National Currency per U.S. Dollar, monthly average",Somali shillings per US dollar,2025M7,29949
"National Currency per U.S. Dollar, monthly average",Somali shillings per US dollar,2025M8,29895
