Region,Population,Month,Year
Awdal,305455,February,2015
Bakool,310627,February,2015
Banadir,901183,February,2015
Bari,367638,February,2015
Bay,620562,February,2015
Galgaduud,330057,February,2015
Gedo,328378,February,2015
Hiraan,329811,February,2015
Lower Juba,385790,February,2015
Lower Shabelle,850651,February,2015
Middle Juba,238877,February,2015
Middle Shabelle,514901,February,2015
North Mudug,192447,February,2015
Nugaal,145341,February,2015
Sanaag,270367,February,2015
Sool,150277,February,2015
South Mudug,157652,February,2015
Togdheer,402295,February,2015
Woqooyi Galbeed,700345,February,2015
Awdal,305455,March,2015
Bakool,310627,March,2015
Banadir,901183,March,2015
Bari,367638,March,2015
Bay,620562,March,2015
Galgaduud,330057,March,2015
Gedo,328378,March,2015
Hiraan,329811,March,2015
Lower Juba,385790,March,2015
Lower Shabelle,850651,March,2015
Middle Juba,238877,March,2015
Middle Shabelle,514901,March,2015
North Mudug,192447,March,2015
Nugaal,145341,March,2015
Sanaag,270367,March,2015
Sool,150277,March,2015
South Mudug,157652,March,2015
Togdheer,402295,March,2015
Woqooyi Galbeed,700345,March,2015
Awdal,305455,April,2015
Bakool,310627,April,2015
Banadir,901183,April,2015
Bari,367638,April,2015
Bay,620562,April,2015
Galgaduud,330057,April,2015
Gedo,328378,April,2015
Hiraan,329811,April,2015
Lower Juba,385790,April,2015
Lower Shabelle,850651,April,2015
Middle Juba,238877,April,2015
Middle Shabelle,514901,April,2015
North Mudug,192447,April,2015
Nugaal,145341,April,2015
Sanaag,270367,April,2015
Sool,150277,April,2015
South Mudug,157652,April,2015
Togdheer,402295,April,2015
Woqooyi Galbeed,700345,April,2015
Awdal,305455,May,2015
Bakool,310627,May,2015
Banadir,901183,May,2015
Bari,367638,May,2015
Bay,620562,May,2015
Galgaduud,330057,May,2015
Gedo,328378,May,2015
Hiraan,329811,May,2015
Lower Juba,385790,May,2015
Lower Shabelle,850651,May,2015
Middle Juba,238877,May,2015
Middle Shabelle,514901,May,2015
North Mudug,192447,May,2015
Nugaal,145341,May,2015
Sanaag,270367,May,2015
Sool,150277,May,2015
South Mudug,157652,May,2015
Togdheer,402295,May,2015
Woqooyi Galbeed,700345,May,2015
Awdal,305455,June,2015
Bakool,310627,June,2015
Banadir,901183,June,2015
Bari,367638,June,2015
Bay,620562,June,2015
Galgaduud,330057,June,2015
Gedo,328378,June,2015
Hiraan,329811,June,2015
Lower Juba,385790,June,2015
Lower Shabelle,850651,June,2015
Middle Juba,238877,June,2015
Middle Shabelle,514901,June,2015
North Mudug,192447,June,2015
Nugaal,145341,June,2015
Sanaag,270367,June,2015
Sool,150277,June,2015
South Mudug,157652,June,2015
Togdheer,402295,June,2015
Woqooyi Galbeed,700345,June,2015
Awdal,673264,February,2016
Bakool,367227,February,2016
Banadir,1650228,February,2016
Bari,730147,February,2016
Bay,792182,February,2016
Galgaduud,569434,February,2016
Gedo,508403,February,2016
Hiraan,520686,February,2016
Lower Juba,489307,February,2016
Lower Shabelle,1202219,February,2016
Middle Juba,362921,February,2016
Middle Shabelle,516035,February,2016
North Mudug,550679,February,2016
Nugaal,392698,February,2016
Sanaag,544123,February,2016
Sool,327427,February,2016
South Mudug,167183,February,2016
Togdheer,721363,February,2016
Woqooyi Galbeed,1242003,February,2016
Awdal,673264,March,2016
Bakool,367227,March,2016
Banadir,1650228,March,2016
Bari,730147,March,2016
Bay,792182,March,2016
Galgaduud,569434,March,2016
Gedo,508403,March,2016
Hiraan,520686,March,2016
Lower Juba,489307,March,2016
Lower Shabelle,1202219,March,2016
Middle Juba,362921,March,2016
Middle Shabelle,516035,March,2016
North Mudug,550679,March,2016
Nugaal,392698,March,2016
Sanaag,544123,March,2016
Sool,327427,March,2016
South Mudug,167183,March,2016
Togdheer,721363,March,2016
Woqooyi Galbeed,1242003,March,2016
Awdal,673264,April,2016
Bakool,367227,April,2016
Banadir,1650228,April,2016
Bari,730147,April,2016
Bay,792182,April,2016
Galgaduud,569434,April,2016
Gedo,508403,April,2016
Hiraan,520686,April,2016
Lower Juba,489307,April,2016
Lower Shabelle,1202219,April,2016
Middle Juba,362921,April,2016
Middle Shabelle,516035,April,2016
North Mudug,550679,April,2016
Nugaal,392698,April,2016
Sanaag,544123,April,2016
Sool,327427,April,2016
South Mudug,167183,April,2016
Togdheer,721363,April,2016
Woqooyi Galbeed,1242003,April,2016
Awdal,673264,May,2016
Bakool,367227,May,2016
Banadir,1650228,May,2016
Bari,730147,May,2016
Bay,792182,May,2016
Galgaduud,569434,May,2016
Gedo,508403,May,2016
Hiraan,520686,May,2016
Lower Juba,489307,May,2016
Lower Shabelle,1202219,May,2016
Middle Juba,362921,May,2016
Middle Shabelle,516035,May,2016
North Mudug,550679,May,2016
Nugaal,392698,May,2016
Sanaag,544123,May,2016
Sool,327427,May,2016
South Mudug,167183,May,2016
Togdheer,721363,May,2016
Woqooyi Galbeed,1242003,May,2016
Awdal,673264,June,2016
Bakool,367227,June,2016
Banadir,1650228,June,2016
Bari,730147,June,2016
Bay,792182,June,2016
Galgaduud,569434,June,2016
Gedo,508403,June,2016
Hiraan,520686,June,2016
Lower Juba,489307,June,2016
Lower Shabelle,1202219,June,2016
Middle Juba,362921,June,2016
Middle Shabelle,516035,June,2016
North Mudug,550679,June,2016
Nugaal,392698,June,2016
Sanaag,544123,June,2016
Sool,327427,June,2016
South Mudug,167183,June,2016
Togdheer,721363,June,2016
Woqooyi Galbeed,1242003,June,2016
Awdal,673264,August,2016
Bakool,367227,August,2016
Banadir,1650228,August,2016
Bari,730147,August,2016
Bay,792182,August,2016
Galgaduud,569434,August,2016
Gedo,508403,August,2016
Hiraan,520686,August,2016
Lower Juba,489307,August,2016
Lower Shabelle,1202219,August,2016
Middle Juba,362921,August,2016
Middle Shabelle,516035,August,2016
North Mudug,550679,August,2016
Nugaal,392698,August,2016
Sanaag,544123,August,2016
Sool,327427,August,2016
South Mudug,167183,August,2016
Togdheer,721363,August,2016
Woqooyi Galbeed,1242003,August,2016
Awdal,673264,September,2016
Bakool,367227,September,2016
Banadir,1650228,September,2016
Bari,730147,September,2016
Bay,792182,September,2016
Galgaduud,569434,September,2016
Gedo,508403,September,2016
Hiraan,520686,September,2016
Lower Juba,489307,September,2016
Lower Shabelle,1202219,September,2016
Middle Juba,362921,September,2016
Middle Shabelle,516035,September,2016
North Mudug,550679,September,2016
Nugaal,392698,September,2016
Sanaag,544123,September,2016
Sool,327427,September,2016
South Mudug,167183,September,2016
Togdheer,721363,September,2016
Woqooyi Galbeed,1242003,September,2016
Awdal,673264,October,2016
Bakool,367227,October,2016
Banadir,1650228,October,2016
Bari,730147,October,2016
Bay,792182,October,2016
Galgaduud,569434,October,2016
Gedo,508403,October,2016
Hiraan,520686,October,2016
Lower Juba,489307,October,2016
Lower Shabelle,1202219,October,2016
Middle Juba,362921,October,2016
Middle Shabelle,516035,October,2016
North Mudug,550679,October,2016
Nugaal,392698,October,2016
Sanaag,544123,October,2016
Sool,327427,October,2016
South Mudug,167183,October,2016
Togdheer,721363,October,2016
Woqooyi Galbeed,1242003,October,2016
Awdal,673264,November,2016
Bakool,367227,November,2016
Banadir,1650228,November,2016
Bari,730147,November,2016
Bay,792182,November,2016
Galgaduud,569434,November,2016
Gedo,508403,November,2016
Hiraan,520686,November,2016
Lower Juba,489307,November,2016
Lower Shabelle,1202219,November,2016
Middle Juba,362921,November,2016
Middle Shabelle,516035,November,2016
North Mudug,550679,November,2016
Nugaal,392698,November,2016
Sanaag,544123,November,2016
Sool,327427,November,2016
South Mudug,167183,November,2016
Togdheer,721363,November,2016
Woqooyi Galbeed,1242003,November,2016
Awdal,673264,December,2016
Bakool,367227,December,2016
Banadir,1650228,December,2016
Bari,730147,December,2016
Bay,792182,December,2016
Galgaduud,569434,December,2016
Gedo,508403,December,2016
Hiraan,520686,December,2016
Lower Juba,489307,December,2016
Lower Shabelle,1202219,December,2016
Middle Juba,362921,December,2016
Middle Shabelle,516035,December,2016
North Mudug,550679,December,2016
Nugaal,392698,December,2016
Sanaag,544123,December,2016
Sool,327427,December,2016
South Mudug,167183,December,2016
Togdheer,721363,December,2016
Woqooyi Galbeed,1242003,December,2016
Awdal,673264,February,2017
Bakool,367227,February,2017
Banadir,1650228,February,2017
Bari,730147,February,2017
Bay,792182,February,2017
Galgaduud,569434,February,2017
Gedo,508403,February,2017
Hiraan,520686,February,2017
Lower Juba,489307,February,2017
Lower Shabelle,1202219,February,2017
Middle Juba,362921,February,2017
Middle Shabelle,516035,February,2017
North Mudug,550679,February,2017
Nugaal,392698,February,2017
Sanaag,544123,February,2017
Sool,327427,February,2017
South Mudug,167183,February,2017
Togdheer,721363,February,2017
Woqooyi Galbeed,1242003,February,2017
Awdal,673264,March,2017
Bakool,367227,March,2017
Banadir,1650228,March,2017
Bari,730147,March,2017
Bay,792182,March,2017
Galgaduud,569434,March,2017
Gedo,508403,March,2017
Hiraan,520686,March,2017
Lower Juba,489307,March,2017
Lower Shabelle,1202219,March,2017
Middle Juba,362921,March,2017
Middle Shabelle,516035,March,2017
North Mudug,550679,March,2017
Nugaal,392698,March,2017
Sanaag,544123,March,2017
Sool,327427,March,2017
South Mudug,167183,March,2017
Togdheer,721363,March,2017
Woqooyi Galbeed,1242003,March,2017
Awdal,673264,April,2017
Bakool,367227,April,2017
Banadir,1650228,April,2017
Bari,730147,April,2017
Bay,792182,April,2017
Galgaduud,569434,April,2017
Gedo,508403,April,2017
Hiraan,520686,April,2017
Lower Juba,489307,April,2017
Lower Shabelle,1202219,April,2017
Middle Juba,362921,April,2017
Middle Shabelle,516035,April,2017
North Mudug,550679,April,2017
Nugaal,392698,April,2017
Sanaag,544123,April,2017
Sool,327427,April,2017
South Mudug,167183,April,2017
Togdheer,721363,April,2017
Woqooyi Galbeed,1242003,April,2017
Awdal,673264,May,2017
Bakool,367227,May,2017
Banadir,1650228,May,2017
Bari,730147,May,2017
Bay,792182,May,2017
Galgaduud,569434,May,2017
Gedo,508403,May,2017
Hiraan,520686,May,2017
Lower Juba,489307,May,2017
Lower Shabelle,1202219,May,2017
Middle Juba,362921,May,2017
Middle Shabelle,516035,May,2017
North Mudug,550679,May,2017
Nugaal,392698,May,2017
Sanaag,544123,May,2017
Sool,327427,May,2017
South Mudug,167183,May,2017
Togdheer,721363,May,2017
Woqooyi Galbeed,1242003,May,2017
Awdal,673264,June,2017
Bakool,367227,June,2017
Banadir,1650228,June,2017
Bari,730147,June,2017
Bay,792182,June,2017
Galgaduud,569434,June,2017
Gedo,508403,June,2017
Hiraan,520686,June,2017
Lower Juba,489307,June,2017
Lower Shabelle,1202219,June,2017
Middle Juba,362921,June,2017
Middle Shabelle,516035,June,2017
North Mudug,550679,June,2017
Nugaal,392698,June,2017
Sanaag,544123,June,2017
Sool,327427,June,2017
South Mudug,167183,June,2017
Togdheer,721363,June,2017
Woqooyi Galbeed,1242003,June,2017
Awdal,673264,August,2017
Bakool,367227,August,2017
Banadir,1650228,August,2017
Bari,730147,August,2017
Bay,792182,August,2017
Galgaduud,569434,August,2017
Gedo,508403,August,2017
Hiraan,520686,August,2017
Lower Juba,489307,August,2017
Lower Shabelle,1202219,August,2017
Middle Juba,362921,August,2017
Middle Shabelle,516035,August,2017
North Mudug,550679,August,2017
Nugaal,392698,August,2017
Sanaag,544123,August,2017
Sool,327427,August,2017
South Mudug,167183,August,2017
Togdheer,721363,August,2017
Woqooyi Galbeed,1242003,August,2017
Awdal,673264,September,2017
Bakool,367227,September,2017
Banadir,1650228,September,2017
Bari,730147,September,2017
Bay,792182,September,2017
Galgaduud,569434,September,2017
Gedo,508403,September,2017
Hiraan,520686,September,2017
Lower Juba,489307,September,2017
Lower Shabelle,1202219,September,2017
Middle Juba,362921,September,2017
Middle Shabelle,516035,September,2017
North Mudug,550679,September,2017
Nugaal,392698,September,2017
Sanaag,544123,September,2017
Sool,327427,September,2017
South Mudug,167183,September,2017
Togdheer,721363,September,2017
Woqooyi Galbeed,1242003,September,2017
Awdal,673264,October,2017
Bakool,367227,October,2017
Banadir,1650228,October,2017
Bari,730147,October,2017
Bay,792182,October,2017
Galgaduud,569434,October,2017
Gedo,508403,October,2017
Hiraan,520686,October,2017
Lower Juba,489307,October,2017
Lower Shabelle,1202219,October,2017
Middle Juba,362921,October,2017
Middle Shabelle,516035,October,2017
North Mudug,550679,October,2017
Nugaal,392698,October,2017
Sanaag,544123,October,2017
Sool,327427,October,2017
South Mudug,167183,October,2017
Togdheer,721363,October,2017
Woqooyi Galbeed,1242003,October,2017
Awdal,673264,November,2017
Bakool,367227,November,2017
Banadir,1650228,November,2017
Bari,730147,November,2017
Bay,792182,November,2017
Galgaduud,569434,November,2017
Gedo,508403,November,2017
Hiraan,520686,November,2017
Lower Juba,489307,November,2017
Lower Shabelle,1202219,November,2017
Middle Juba,362921,November,2017
Middle Shabelle,516035,November,2017
North Mudug,550679,November,2017
Nugaal,392698,November,2017
Sanaag,544123,November,2017
Sool,327427,November,2017
South Mudug,167183,November,2017
Togdheer,721363,November,2017
Woqooyi Galbeed,1242003,November,2017
Awdal,673264,December,2017
Bakool,367227,December,2017
Banadir,1650228,December,2017
Bari,730147,December,2017
Bay,792182,December,2017
Galgaduud,569434,December,2017
Gedo,508403,December,2017
Hiraan,520686,December,2017
Lower Juba,489307,December,2017
Lower Shabelle,1202219,December,2017
Middle Juba,362921,December,2017
Middle Shabelle,516035,December,2017
North Mudug,550679,December,2017
Nugaal,392698,December,2017
Sanaag,544123,December,2017
Sool,327427,December,2017
South Mudug,167183,December,2017
Togdheer,721363,December,2017
Woqooyi Galbeed,1242003,December,2017
Awdal,673264,August,2018
Bakool,367227,August,2018
Banadir,1650228,August,2018
Bari,730147,August,2018
Bay,792182,August,2018
Galgaduud,569434,August,2018
Gedo,508403,August,2018
Hiraan,520686,August,2018
Lower Juba,489307,August,2018
Lower Shabelle,1202219,August,2018
Middle Juba,362921,August,2018
Middle Shabelle,516035,August,2018
North Mudug,593687,August,2018
Nugaal,392698,August,2018
Sanaag,544123,August,2018
Sool,327427,August,2018
South Mudug,124175,August,2018
Togdheer,721363,August,2018
Woqooyi Galbeed,1242003,August,2018
Awdal,673264,September,2018
Bakool,367227,September,2018
Banadir,1650228,September,2018
Bari,730147,September,2018
Bay,792182,September,2018
Galgaduud,569434,September,2018
Gedo,508403,September,2018
Hiraan,520686,September,2018
Lower Juba,489307,September,2018
Lower Shabelle,1202219,September,2018
Middle Juba,362921,September,2018
Middle Shabelle,516035,September,2018
North Mudug,593687,September,2018
Nugaal,392698,September,2018
Sanaag,544123,September,2018
Sool,327427,September,2018
South Mudug,124175,September,2018
Togdheer,721363,September,2018
Woqooyi Galbeed,1242003,September,2018
Awdal,673264,October,2018
Bakool,367227,October,2018
Banadir,1650228,October,2018
Bari,730147,October,2018
Bay,792182,October,2018
Galgaduud,569434,October,2018
Gedo,508403,October,2018
Hiraan,520686,October,2018
Lower Juba,489307,October,2018
Lower Shabelle,1202219,October,2018
Middle Juba,362921,October,2018
Middle Shabelle,516035,October,2018
North Mudug,593687,October,2018
Nugaal,392698,October,2018
Sanaag,544123,October,2018
Sool,327427,October,2018
South Mudug,124175,October,2018
Togdheer,721363,October,2018
Woqooyi Galbeed,1242003,October,2018
Awdal,673264,November,2018
Bakool,367227,November,2018
Banadir,1650228,November,2018
Bari,730147,November,2018
Bay,792182,November,2018
Galgaduud,569434,November,2018
Gedo,508403,November,2018
Hiraan,520686,November,2018
Lower Juba,489307,November,2018
Lower Shabelle,1202219,November,2018
Middle Juba,362921,November,2018
Middle Shabelle,516035,November,2018
North Mudug,593687,November,2018
Nugaal,392698,November,2018
Sanaag,544123,November,2018
Sool,327427,November,2018
South Mudug,124175,November,2018
Togdheer,721363,November,2018
Woqooyi Galbeed,1242003,November,2018
Awdal,673264,December,2018
Bakool,367227,December,2018
Banadir,1650228,December,2018
Bari,730147,December,2018
Bay,792182,December,2018
Galgaduud,569434,December,2018
Gedo,508403,December,2018
Hiraan,520686,December,2018
Lower Juba,489307,December,2018
Lower Shabelle,1202219,December,2018
Middle Juba,362921,December,2018
Middle Shabelle,516035,December,2018
North Mudug,593687,December,2018
Nugaal,392698,December,2018
Sanaag,544123,December,2018
Sool,327427,December,2018
South Mudug,124175,December,2018
Togdheer,721363,December,2018
Woqooyi Galbeed,1242003,December,2018
Awdal,367234,February,2019
Bakool,261628,February,2019
Banadir,497000,February,2019
Bari,157713,February,2019
Bay,455850,February,2019
Galgaduud,251772,February,2019
Gedo,225199,February,2019
Hiraan,365959,February,2019
Lower Juba,202094,February,2019
Lower Shabelle,854539,February,2019
Middle Juba,268856,February,2019
Middle Shabelle,350450,February,2019
North Mudug,113710,February,2019
Nugaal,212079,February,2019
Sanaag,319189,February,2019
Sool,59012,February,2019
South Mudug,117259,February,2019
Togdheer,181346,February,2019
Woqooyi Galbeed,370806,February,2019
Awdal,367234,March,2019
Bakool,261628,March,2019
Banadir,497000,March,2019
Bari,157713,March,2019
Bay,455850,March,2019
Galgaduud,251772,March,2019
Gedo,225199,March,2019
Hiraan,365959,March,2019
Lower Juba,202094,March,2019
Lower Shabelle,854539,March,2019
Middle Juba,268856,March,2019
Middle Shabelle,350450,March,2019
North Mudug,113710,March,2019
Nugaal,212079,March,2019
Sanaag,319189,March,2019
Sool,59012,March,2019
South Mudug,117259,March,2019
Togdheer,181346,March,2019
Woqooyi Galbeed,370806,March,2019
Awdal,367234,April,2019
Awdal,673264,April,2019
Bakool,261628,April,2019
Bakool,367227,April,2019
Banadir,497000,April,2019
Banadir,1650228,April,2019
Bari,157713,April,2019
Bari,730147,April,2019
Bay,455850,April,2019
Bay,792182,April,2019
Galgaduud,251772,April,2019
Galgaduud,569434,April,2019
Gedo,225199,April,2019
Gedo,508403,April,2019
Hiraan,365959,April,2019
Hiraan,520686,April,2019
Lower Juba,202094,April,2019
Lower Juba,489307,April,2019
Lower Shabelle,854539,April,2019
Lower Shabelle,1202219,April,2019
Middle Juba,268856,April,2019
Middle Juba,362921,April,2019
Middle Shabelle,350450,April,2019
Middle Shabelle,516035,April,2019
North Mudug,113710,April,2019
North Mudug,593687,April,2019
Nugaal,212079,April,2019
Nugaal,392698,April,2019
Sanaag,319189,April,2019
Sanaag,544123,April,2019
Sool,59012,April,2019
Sool,327427,April,2019
South Mudug,117259,April,2019
South Mudug,124175,April,2019
Togdheer,181346,April,2019
Togdheer,721363,April,2019
Woqooyi Galbeed,370806,April,2019
Woqooyi Galbeed,1242003,April,2019
Awdal,367234,May,2019
Awdal,673264,May,2019
Bakool,261628,May,2019
Bakool,367227,May,2019
Banadir,497000,May,2019
Banadir,1650228,May,2019
Bari,157713,May,2019
Bari,730147,May,2019
Bay,455850,May,2019
Bay,792182,May,2019
Galgaduud,251772,May,2019
Galgaduud,569434,May,2019
Gedo,225199,May,2019
Gedo,508403,May,2019
Hiraan,365959,May,2019
Hiraan,520686,May,2019
Lower Juba,202094,May,2019
Lower Juba,489307,May,2019
Lower Shabelle,854539,May,2019
Lower Shabelle,1202219,May,2019
Middle Juba,268856,May,2019
Middle Juba,362921,May,2019
Middle Shabelle,350450,May,2019
Middle Shabelle,516035,May,2019
North Mudug,113710,May,2019
North Mudug,593687,May,2019
Nugaal,212079,May,2019
Nugaal,392698,May,2019
Sanaag,319189,May,2019
Sanaag,544123,May,2019
Sool,59012,May,2019
Sool,327427,May,2019
South Mudug,117259,May,2019
South Mudug,124175,May,2019
Togdheer,181346,May,2019
Togdheer,721363,May,2019
Woqooyi Galbeed,370806,May,2019
Woqooyi Galbeed,1242003,May,2019
Awdal,367234,June,2019
Awdal,673264,June,2019
Bakool,261628,June,2019
Bakool,367227,June,2019
Banadir,497000,June,2019
Banadir,1650228,June,2019
Bari,157713,June,2019
Bari,730147,June,2019
Bay,455850,June,2019
Bay,792182,June,2019
Galgaduud,251772,June,2019
Galgaduud,569434,June,2019
Gedo,225199,June,2019
Gedo,508403,June,2019
Hiraan,365959,June,2019
Hiraan,520686,June,2019
Lower Juba,202094,June,2019
Lower Juba,489307,June,2019
Lower Shabelle,854539,June,2019
Lower Shabelle,1202219,June,2019
Middle Juba,268856,June,2019
Middle Juba,362921,June,2019
Middle Shabelle,350450,June,2019
Middle Shabelle,516035,June,2019
North Mudug,113710,June,2019
North Mudug,593687,June,2019
Nugaal,212079,June,2019
Nugaal,392698,June,2019
Sanaag,319189,June,2019
Sanaag,544123,June,2019
Sool,59012,June,2019
Sool,327427,June,2019
South Mudug,117259,June,2019
South Mudug,124175,June,2019
Togdheer,181346,June,2019
Togdheer,721363,June,2019
Woqooyi Galbeed,370806,June,2019
Woqooyi Galbeed,1242003,June,2019
Awdal,673264,July,2019
Bakool,367227,July,2019
Banadir,1650228,July,2019
Bari,730147,July,2019
Bay,792182,July,2019
Galgaduud,569434,July,2019
Gedo,508403,July,2019
Hiraan,520686,July,2019
Lower Juba,489307,July,2019
Lower Shabelle,1202219,July,2019
Middle Juba,362921,July,2019
Middle Shabelle,516035,July,2019
North Mudug,593687,July,2019
Nugaal,392698,July,2019
Sanaag,544123,July,2019
Sool,327427,July,2019
South Mudug,124175,July,2019
Togdheer,721363,July,2019
Woqooyi Galbeed,1242003,July,2019
Awdal,673264,August,2019
Bakool,367227,August,2019
Banadir,1650228,August,2019
Bari,730147,August,2019
Bay,792182,August,2019
Galgaduud,569434,August,2019
Gedo,508403,August,2019
Hiraan,520686,August,2019
Lower Juba,489307,August,2019
Lower Shabelle,1202219,August,2019
Middle Juba,362921,August,2019
Middle Shabelle,516035,August,2019
North Mudug,593687,August,2019
Nugaal,392698,August,2019
Sanaag,544123,August,2019
Sool,327427,August,2019
South Mudug,124175,August,2019
Togdheer,721363,August,2019
Woqooyi Galbeed,1242003,August,2019
Awdal,673264,September,2019
Bakool,367227,September,2019
Banadir,1650228,September,2019
Bari,730147,September,2019
Bay,792182,September,2019
Galgaduud,569434,September,2019
Gedo,508403,September,2019
Hiraan,520686,September,2019
Lower Juba,489307,September,2019
Lower Shabelle,1202219,September,2019
Middle Juba,362921,September,2019
Middle Shabelle,516035,September,2019
North Mudug,593687,September,2019
Nugaal,392698,September,2019
Sanaag,544123,September,2019
Sool,327427,September,2019
South Mudug,124175,September,2019
Togdheer,721363,September,2019
Woqooyi Galbeed,1242003,September,2019
Awdal,673264,October,2019
Bakool,367227,October,2019
Banadir,1650228,October,2019
Bari,730147,October,2019
Bay,792182,October,2019
Galgaduud,569434,October,2019
Gedo,508403,October,2019
Hiraan,520686,October,2019
Lower Juba,489307,October,2019
Lower Shabelle,1202219,October,2019
Middle Juba,362921,October,2019
Middle Shabelle,516035,October,2019
North Mudug,593687,October,2019
Nugaal,392698,October,2019
Sanaag,544123,October,2019
Sool,327427,October,2019
South Mudug,124175,October,2019
Togdheer,721363,October,2019
Woqooyi Galbeed,1242003,October,2019
Awdal,673264,November,2019
Bakool,367227,November,2019
Banadir,1650228,November,2019
Bari,730147,November,2019
Bay,792182,November,2019
Galgaduud,569434,November,2019
Gedo,508403,November,2019
Hiraan,520686,November,2019
Lower Juba,489307,November,2019
Lower Shabelle,1202219,November,2019
Middle Juba,362921,November,2019
Middle Shabelle,516035,November,2019
North Mudug,593687,November,2019
Nugaal,392698,November,2019
Sanaag,544123,November,2019
Sool,327427,November,2019
South Mudug,124175,November,2019
Togdheer,721363,November,2019
Woqooyi Galbeed,1242003,November,2019
Awdal,673264,December,2019
Bakool,367227,December,2019
Banadir,1650228,December,2019
Bari,730147,December,2019
Bay,792182,December,2019
Galgaduud,569434,December,2019
Gedo,508403,December,2019
Hiraan,520686,December,2019
Lower Juba,489307,December,2019
Lower Shabelle,1202219,December,2019
Middle Juba,362921,December,2019
Middle Shabelle,516035,December,2019
North Mudug,593687,December,2019
Nugaal,392698,December,2019
Sanaag,544123,December,2019
Sool,327427,December,2019
South Mudug,124175,December,2019
Togdheer,721363,December,2019
Woqooyi Galbeed,1242003,December,2019
Awdal,724573,January,2020
Bakool,284353,January,2020
Banadir,2228463,January,2020
Bari,712934,January,2020
Bay,846600,January,2020
Galgaduud,427809,January,2020
Gedo,430943,January,2020
Hiraan,422993,January,2020
Lower Juba,648936,January,2020
Lower Shabelle,911502,January,2020
Middle Juba,286538,January,2020
Middle Shabelle,436759,January,2020
North Mudug,506925,January,2020
Nugaal,337588,January,2020
Sanaag,562067,January,2020
Sool,360432,January,2020
South Mudug,120798,January,2020
Togdheer,755793,January,2020
Woqooyi Galbeed,1321524,January,2020
Awdal,724573,February,2020
Bakool,284353,February,2020
Banadir,2228463,February,2020
Bari,712934,February,2020
Bay,846600,February,2020
Galgaduud,427809,February,2020
Gedo,430943,February,2020
Hiraan,422993,February,2020
Lower Juba,648936,February,2020
Lower Shabelle,911502,February,2020
Middle Juba,286538,February,2020
Middle Shabelle,436759,February,2020
North Mudug,506925,February,2020
Nugaal,337588,February,2020
Sanaag,562067,February,2020
Sool,360432,February,2020
South Mudug,120798,February,2020
Togdheer,755793,February,2020
Woqooyi Galbeed,1321524,February,2020
Awdal,724573,March,2020
Bakool,284353,March,2020
Banadir,2228463,March,2020
Bari,712934,March,2020
Bay,846600,March,2020
Galgaduud,427809,March,2020
Gedo,430943,March,2020
Hiraan,422993,March,2020
Lower Juba,648936,March,2020
Lower Shabelle,911502,March,2020
Middle Juba,286538,March,2020
Middle Shabelle,436759,March,2020
North Mudug,506925,March,2020
Nugaal,337588,March,2020
Sanaag,562067,March,2020
Sool,360432,March,2020
South Mudug,120798,March,2020
Togdheer,755793,March,2020
Woqooyi Galbeed,1321524,March,2020
Awdal,64000,April,2020
Bakool,21000,April,2020
Banadir,303000,April,2020
Bari,72000,April,2020
Bay,67000,April,2020
Galgaduud,23000,April,2020
Gedo,11000,April,2020
Hiraan,64000,April,2020
Lower Juba,52000,April,2020
Lower Shabelle,15000,April,2020
Middle Juba,45000,April,2020
Middle Shabelle,47000,April,2020
North Mudug,51000,April,2020
Nugaal,50000,April,2020
Sanaag,86000,April,2020
Sool,23000,April,2020
South Mudug,28000,April,2020
Togdheer,91000,April,2020
Woqooyi Galbeed,163000,April,2020
Awdal,64000,May,2020
Bakool,21000,May,2020
Banadir,303000,May,2020
Bari,72000,May,2020
Bay,67000,May,2020
Galgaduud,23000,May,2020
Gedo,11000,May,2020
Hiraan,64000,May,2020
Lower Juba,52000,May,2020
Lower Shabelle,15000,May,2020
Middle Juba,45000,May,2020
Middle Shabelle,47000,May,2020
North Mudug,51000,May,2020
Nugaal,50000,May,2020
Sanaag,86000,May,2020
Sool,23000,May,2020
South Mudug,28000,May,2020
Togdheer,91000,May,2020
Woqooyi Galbeed,163000,May,2020
Awdal,64000,June,2020
Bakool,21000,June,2020
Banadir,303000,June,2020
Bari,72000,June,2020
Bay,67000,June,2020
Galgaduud,23000,June,2020
Gedo,11000,June,2020
Hiraan,64000,June,2020
Lower Juba,52000,June,2020
Lower Shabelle,15000,June,2020
Middle Juba,45000,June,2020
Middle Shabelle,47000,June,2020
North Mudug,51000,June,2020
Nugaal,50000,June,2020
Sanaag,86000,June,2020
Sool,23000,June,2020
South Mudug,28000,June,2020
Togdheer,91000,June,2020
Woqooyi Galbeed,163000,June,2020
Awdal,724572,January,2021
Bakool,284353,January,2021
Banadir,2228463,January,2021
Bari,712934,January,2021
Bay,846599,January,2021
Galgaduud,427810,January,2021
Gedo,430943,January,2021
Hiraan,422993,January,2021
Lower Juba,648917,January,2021
Lower Shabelle,911503,January,2021
Middle Juba,286539,January,2021
Middle Shabelle,436759,January,2021
North Mudug,494060,January,2021
Nugaal,337588,January,2021
Sanaag,962066,January,2021
Sool,360431,January,2021
South Mudug,133725,January,2021
Togdheer,755784,January,2021
Woqooyi Galbeed,1321525,January,2021
Awdal,724572,February,2021
Bakool,284353,February,2021
Banadir,2228463,February,2021
Bari,712934,February,2021
Bay,846599,February,2021
Galgaduud,427810,February,2021
Gedo,430943,February,2021
Hiraan,422993,February,2021
Lower Juba,648917,February,2021
Lower Shabelle,911503,February,2021
Middle Juba,286539,February,2021
Middle Shabelle,436759,February,2021
North Mudug,494060,February,2021
Nugaal,337588,February,2021
Sanaag,962066,February,2021
Sool,360431,February,2021
South Mudug,133725,February,2021
Togdheer,755784,February,2021
Woqooyi Galbeed,1321525,February,2021
Awdal,724572,March,2021
Bakool,284353,March,2021
Banadir,2228463,March,2021
Bari,712934,March,2021
Bay,846599,March,2021
Galgaduud,427810,March,2021
Gedo,430943,March,2021
Hiraan,422993,March,2021
Lower Juba,648917,March,2021
Lower Shabelle,911503,March,2021
Middle Juba,286539,March,2021
Middle Shabelle,436759,March,2021
North Mudug,494060,March,2021
Nugaal,337588,March,2021
Sanaag,962066,March,2021
Sool,360431,March,2021
South Mudug,133725,March,2021
Togdheer,755784,March,2021
Woqooyi Galbeed,1321525,March,2021
Awdal,724572,April,2021
Bakool,284353,April,2021
Banadir,2228463,April,2021
Bari,712934,April,2021
Bay,846599,April,2021
Galgaduud,427810,April,2021
Gedo,430943,April,2021
Hiraan,422993,April,2021
Lower Juba,648917,April,2021
Lower Shabelle,911503,April,2021
Middle Juba,286539,April,2021
Middle Shabelle,436759,April,2021
North Mudug,494060,April,2021
Nugaal,337588,April,2021
Sanaag,962066,April,2021
Sool,360431,April,2021
South Mudug,133725,April,2021
Togdheer,755784,April,2021
Woqooyi Galbeed,1321525,April,2021
Awdal,724572,May,2021
Bakool,284353,May,2021
Banadir,2228463,May,2021
Bari,712934,May,2021
Bay,846599,May,2021
Galgaduud,427810,May,2021
Gedo,430943,May,2021
Hiraan,422993,May,2021
Lower Juba,648917,May,2021
Lower Shabelle,911503,May,2021
Middle Juba,286539,May,2021
Middle Shabelle,436759,May,2021
North Mudug,494060,May,2021
Nugaal,337588,May,2021
Sanaag,962066,May,2021
Sool,360431,May,2021
South Mudug,133725,May,2021
Togdheer,755784,May,2021
Woqooyi Galbeed,1321525,May,2021
Awdal,724572,June,2021
Bakool,284353,June,2021
Banadir,2228463,June,2021
Bari,712934,June,2021
Bay,846599,June,2021
Galgaduud,427810,June,2021
Gedo,430943,June,2021
Hiraan,422993,June,2021
Lower Juba,648917,June,2021
Lower Shabelle,911503,June,2021
Middle Juba,286539,June,2021
Middle Shabelle,436759,June,2021
North Mudug,494060,June,2021
Nugaal,337588,June,2021
Sanaag,962066,June,2021
Sool,360431,June,2021
South Mudug,133725,June,2021
Togdheer,755784,June,2021
Woqooyi Galbeed,1321525,June,2021
Awdal,576543,January,2022
Bakool,492495,January,2022
Banadir,2874431,January,2022
Bari,1116850,January,2022
Bay,1131121,January,2022
Galgaduud,736546,January,2022
Gedo,884235,January,2022
Hiraan,457546,January,2022
Lower Juba,1049796,January,2022
Lower Shabelle,1477523,January,2022
Middle Juba,356269,January,2022
Middle Shabelle,918463,January,2022
North Mudug,817701,January,2022
Nugaal,572647,January,2022
Sanaag,388559,January,2022
Sool,497571,January,2022
South Mudug,514932,January,2022
Togdheer,780092,January,2022
Woqooyi Galbeed,1311946,January,2022
Awdal,576543,February,2022
Bakool,492495,February,2022
Banadir,2874431,February,2022
Bari,1116850,February,2022
Bay,1131121,February,2022
Galgaduud,736546,February,2022
Gedo,884235,February,2022
Hiraan,457546,February,2022
Lower Juba,1049796,February,2022
Lower Shabelle,1477523,February,2022
Middle Juba,356269,February,2022
Middle Shabelle,918463,February,2022
North Mudug,817701,February,2022
Nugaal,572647,February,2022
Sanaag,388559,February,2022
Sool,497571,February,2022
South Mudug,514932,February,2022
Togdheer,780092,February,2022
Woqooyi Galbeed,1311946,February,2022
Awdal,576543,March,2022
Bakool,492495,March,2022
Banadir,2874431,March,2022
Bari,1116850,March,2022
Bay,1131121,March,2022
Galgaduud,736546,March,2022
Gedo,884235,March,2022
Hiraan,457546,March,2022
Lower Juba,1049796,March,2022
Lower Shabelle,1477523,March,2022
Middle Juba,356269,March,2022
Middle Shabelle,918463,March,2022
North Mudug,817701,March,2022
Nugaal,572647,March,2022
Sanaag,388559,March,2022
Sool,497571,March,2022
South Mudug,514932,March,2022
Togdheer,780092,March,2022
Woqooyi Galbeed,1311946,March,2022
Awdal,576543,April,2022
Awdal,538209,April,2022
Bakool,492495,April,2022
Bakool,459747,April,2022
Banadir,2874431,April,2022
Banadir,2683312,April,2022
Bari,1116850,April,2022
Bari,1042591,April,2022
Bay,1131121,April,2022
Bay,1055913,April,2022
Galgaduud,736546,April,2022
Galgaduud,687573,April,2022
Gedo,884235,April,2022
Gedo,736704,April,2022
Hiraan,457546,April,2022
Hiraan,427124,April,2022
Lower Juba,1049796,April,2022
Lower Juba,979998,April,2022
Lower Shabelle,1477523,April,2022
Lower Shabelle,1347934,April,2022
Middle Juba,356269,April,2022
Middle Juba,363930,April,2022
Middle Shabelle,918463,April,2022
Middle Shabelle,855895,April,2022
North Mudug,817701,April,2022
North Mudug,960272,April,2022
Nugaal,572647,April,2022
Nugaal,534573,April,2022
Sanaag,388559,April,2022
Sanaag,362723,April,2022
Sool,497571,April,2022
Sool,464487,April,2022
South Mudug,514932,April,2022
South Mudug,283254,April,2022
Togdheer,780092,April,2022
Togdheer,728224,April,2022
Woqooyi Galbeed,1311946,April,2022
Woqooyi Galbeed,1224715,April,2022
Awdal,576543,May,2022
Awdal,538209,May,2022
Bakool,492495,May,2022
Bakool,459747,May,2022
Banadir,2874431,May,2022
Banadir,2683312,May,2022
Bari,1116850,May,2022
Bari,1042591,May,2022
Bay,1131121,May,2022
Bay,1055913,May,2022
Galgaduud,736546,May,2022
Galgaduud,687573,May,2022
Gedo,884235,May,2022
Gedo,736704,May,2022
Hiraan,457546,May,2022
Hiraan,427124,May,2022
Lower Juba,1049796,May,2022
Lower Juba,979998,May,2022
Lower Shabelle,1477523,May,2022
Lower Shabelle,1347934,May,2022
Middle Juba,356269,May,2022
Middle Juba,363930,May,2022
Middle Shabelle,918463,May,2022
Middle Shabelle,855895,May,2022
North Mudug,817701,May,2022
North Mudug,960272,May,2022
Nugaal,572647,May,2022
Nugaal,534573,May,2022
Sanaag,388559,May,2022
Sanaag,362723,May,2022
Sool,497571,May,2022
Sool,464487,May,2022
South Mudug,514932,May,2022
South Mudug,283254,May,2022
Togdheer,780092,May,2022
Togdheer,728224,May,2022
Woqooyi Galbeed,1311946,May,2022
Woqooyi Galbeed,1224715,May,2022
Awdal,576543,June,2022
Awdal,538209,June,2022
Bakool,492495,June,2022
Bakool,459747,June,2022
Banadir,2874431,June,2022
Banadir,2683312,June,2022
Bari,1116850,June,2022
Bari,1042591,June,2022
Bay,1131121,June,2022
Bay,1055913,June,2022
Galgaduud,736546,June,2022
Galgaduud,687573,June,2022
Gedo,884235,June,2022
Gedo,736704,June,2022
Hiraan,457546,June,2022
Hiraan,427124,June,2022
Lower Juba,1049796,June,2022
Lower Juba,979998,June,2022
Lower Shabelle,1477523,June,2022
Lower Shabelle,1347934,June,2022
Middle Juba,356269,June,2022
Middle Juba,363930,June,2022
Middle Shabelle,918463,June,2022
Middle Shabelle,855895,June,2022
North Mudug,817701,June,2022
North Mudug,960272,June,2022
Nugaal,572647,June,2022
Nugaal,534573,June,2022
Sanaag,388559,June,2022
Sanaag,362723,June,2022
Sool,497571,June,2022
Sool,464487,June,2022
South Mudug,514932,June,2022
South Mudug,283254,June,2022
Togdheer,780092,June,2022
Togdheer,728224,June,2022
Woqooyi Galbeed,1311946,June,2022
Woqooyi Galbeed,1224715,June,2022
Awdal,636108,January,2023
Bakool,543371,January,2023
Banadir,3171391,January,2023
Bari,1232231,January,2023
Bay,1247975,January,2023
Galgaduud,812638,January,2023
Gedo,975586,January,2023
Hiraan,504816,January,2023
Lower Juba,1158256,January,2023
Lower Shabelle,1593117,January,2023
Middle Juba,430129,January,2023
Middle Shabelle,1013352,January,2023
North Mudug,891279,January,2023
Nugaal,631810,January,2023
Sanaag,428699,January,2023
Sool,548975,January,2023
South Mudug,579030,January,2023
Togdheer,860684,January,2023
Woqooyi Galbeed,1447484,January,2023
Awdal,636108,February,2023
Bakool,543371,February,2023
Banadir,3171391,February,2023
Bari,1232231,February,2023
Bay,1247975,February,2023
Galgaduud,812638,February,2023
Gedo,975586,February,2023
Hiraan,504816,February,2023
Lower Juba,1158256,February,2023
Lower Shabelle,1593117,February,2023
Middle Juba,430129,February,2023
Middle Shabelle,1013352,February,2023
North Mudug,891279,February,2023
Nugaal,631810,February,2023
Sanaag,428699,February,2023
Sool,548975,February,2023
South Mudug,579030,February,2023
Togdheer,860684,February,2023
Woqooyi Galbeed,1447484,February,2023
Awdal,636108,March,2023
Bakool,543371,March,2023
Banadir,3171391,March,2023
Bari,1232231,March,2023
Bay,1247975,March,2023
Galgaduud,812638,March,2023
Gedo,975586,March,2023
Hiraan,504816,March,2023
Lower Juba,1158256,March,2023
Lower Shabelle,1593117,March,2023
Middle Juba,430129,March,2023
Middle Shabelle,1013352,March,2023
North Mudug,891279,March,2023
Nugaal,631810,March,2023
Sanaag,428699,March,2023
Sool,548975,March,2023
South Mudug,579030,March,2023
Togdheer,860684,March,2023
Woqooyi Galbeed,1447484,March,2023
Awdal,636108,April,2023
Bakool,543371,April,2023
Banadir,3171391,April,2023
Bari,1232231,April,2023
Bay,1247975,April,2023
Galgaduud,812638,April,2023
Gedo,975586,April,2023
Hiraan,504816,April,2023
Lower Juba,1158256,April,2023
Lower Shabelle,1593117,April,2023
Middle Juba,430129,April,2023
Middle Shabelle,1013352,April,2023
North Mudug,891279,April,2023
Nugaal,631810,April,2023
Sanaag,428699,April,2023
Sool,548975,April,2023
South Mudug,579030,April,2023
Togdheer,860684,April,2023
Woqooyi Galbeed,1447484,April,2023
Awdal,636108,May,2023
Bakool,543371,May,2023
Banadir,3171391,May,2023
Bari,1232231,May,2023
Bay,1247975,May,2023
Galgaduud,812638,May,2023
Gedo,975586,May,2023
Hiraan,504816,May,2023
Lower Juba,1158256,May,2023
Lower Shabelle,1593117,May,2023
Middle Juba,430129,May,2023
Middle Shabelle,1013352,May,2023
North Mudug,891279,May,2023
Nugaal,631810,May,2023
Sanaag,428699,May,2023
Sool,548975,May,2023
South Mudug,579030,May,2023
Togdheer,860684,May,2023
Woqooyi Galbeed,1447484,May,2023
Awdal,636108,June,2023
Bakool,543371,June,2023
Banadir,3171391,June,2023
Bari,1232231,June,2023
Bay,1247975,June,2023
Galgaduud,812638,June,2023
Gedo,975586,June,2023
Hiraan,504816,June,2023
Lower Juba,1158256,June,2023
Lower Shabelle,1593117,June,2023
Middle Juba,430129,June,2023
Middle Shabelle,1013352,June,2023
North Mudug,891279,June,2023
Nugaal,631810,June,2023
Sanaag,428699,June,2023
Sool,548975,June,2023
South Mudug,579030,June,2023
Togdheer,860684,June,2023
Woqooyi Galbeed,1447484,June,2023
Awdal,576543,October,2023
Bakool,492495,October,2023
Banadir,2874431,October,2023
Bari,1116850,October,2023
Bay,1131121,October,2023
Galgaduud,736546,October,2023
Gedo,884235,October,2023
Hiraan,457546,October,2023
Lower Juba,1049796,October,2023
Lower Shabelle,1477523,October,2023
Middle Juba,356269,October,2023
Middle Shabelle,918463,October,2023
North Mudug,817701,October,2023
Nugaal,572647,October,2023
Sanaag,388559,October,2023
Sool,497571,October,2023
South Mudug,514932,October,2023
Togdheer,780092,October,2023
Woqooyi Galbeed,1311946,October,2023
Awdal,576543,November,2023
Bakool,492495,November,2023
Banadir,2874431,November,2023
Bari,1116850,November,2023
Bay,1131121,November,2023
Galgaduud,736546,November,2023
Gedo,884235,November,2023
Hiraan,457546,November,2023
Lower Juba,1049796,November,2023
Lower Shabelle,1477523,November,2023
Middle Juba,356269,November,2023
Middle Shabelle,918463,November,2023
North Mudug,817701,November,2023
Nugaal,572647,November,2023
Sanaag,388559,November,2023
Sool,497571,November,2023
South Mudug,514932,November,2023
Togdheer,780092,November,2023
Woqooyi Galbeed,1311946,November,2023
Awdal,576543,December,2023
Bakool,492495,December,2023
Banadir,2874431,December,2023
Bari,1116850,December,2023
Bay,1131121,December,2023
Galgaduud,736546,December,2023
Gedo,884235,December,2023
Hiraan,457546,December,2023
Lower Juba,1049796,December,2023
Lower Shabelle,1477523,December,2023
Middle Juba,356269,December,2023
Middle Shabelle,918463,December,2023
North Mudug,817701,December,2023
Nugaal,572647,December,2023
Sanaag,388559,December,2023
Sool,497571,December,2023
South Mudug,514932,December,2023
Togdheer,780092,December,2023
Woqooyi Galbeed,1311946,December,2023
Awdal,655893,January,2024
Bakool,560266,January,2024
Banadir,3262132,January,2024
Bari,1270552,January,2024
Bay,1286786,January,2024
Galgaduud,837918,January,2024
Gedo,1005923,January,2024
Hiraan,520516,January,2024
Lower Juba,1194276,January,2024
Lower Shabelle,1642667,January,2024
Middle Juba,443506,January,2024
Middle Shabelle,1044873,January,2024
North Mudug,918998,January,2024
Nugaal,651465,January,2024
Sanaag,442034,January,2024
Sool,566052,January,2024
South Mudug,597037,January,2024
Togdheer,887449,January,2024
Woqooyi Galbeed,1492507,January,2024
Awdal,655893,February,2024
Bakool,560266,February,2024
Banadir,3262132,February,2024
Bari,1270552,February,2024
Bay,1286786,February,2024
Galgaduud,837918,February,2024
Gedo,1005923,February,2024
Hiraan,520516,February,2024
Lower Juba,1194276,February,2024
Lower Shabelle,1642667,February,2024
Middle Juba,443506,February,2024
Middle Shabelle,1044873,February,2024
North Mudug,918998,February,2024
Nugaal,651465,February,2024
Sanaag,442034,February,2024
Sool,566052,February,2024
South Mudug,597037,February,2024
Togdheer,887449,February,2024
Woqooyi Galbeed,1492507,February,2024
Awdal,655893,March,2024
Bakool,560266,March,2024
Banadir,3262132,March,2024
Bari,1270552,March,2024
Bay,1286786,March,2024
Galgaduud,837918,March,2024
Gedo,1005923,March,2024
Hiraan,520516,March,2024
Lower Juba,1194276,March,2024
Lower Shabelle,1642667,March,2024
Middle Juba,443506,March,2024
Middle Shabelle,1044873,March,2024
North Mudug,918998,March,2024
Nugaal,651465,March,2024
Sanaag,442034,March,2024
Sool,566052,March,2024
South Mudug,597037,March,2024
Togdheer,887449,March,2024
Woqooyi Galbeed,1492507,March,2024
Awdal,655893,April,2024
Bakool,560266,April,2024
Banadir,3262132,April,2024
Bari,1270552,April,2024
Bay,1286786,April,2024
Galgaduud,837918,April,2024
Gedo,1005923,April,2024
Hiraan,520516,April,2024
Lower Juba,1194276,April,2024
Lower Shabelle,1642667,April,2024
Middle Juba,443506,April,2024
Middle Shabelle,1044873,April,2024
North Mudug,918998,April,2024
Nugaal,651465,April,2024
Sanaag,442034,April,2024
Sool,566052,April,2024
South Mudug,597037,April,2024
Togdheer,887449,April,2024
Woqooyi Galbeed,1492507,April,2024
Awdal,655893,May,2024
Bakool,560266,May,2024
Banadir,3262132,May,2024
Bari,1270552,May,2024
Bay,1286786,May,2024
Galgaduud,837918,May,2024
Gedo,1005923,May,2024
Hiraan,520516,May,2024
Lower Juba,1194276,May,2024
Lower Shabelle,1642667,May,2024
Middle Juba,443506,May,2024
Middle Shabelle,1044873,May,2024
North Mudug,918998,May,2024
Nugaal,651465,May,2024
Sanaag,442034,May,2024
Sool,566052,May,2024
South Mudug,597037,May,2024
Togdheer,887449,May,2024
Woqooyi Galbeed,1492507,May,2024
Awdal,655893,June,2024
Bakool,560266,June,2024
Banadir,3262132,June,2024
Bari,1270552,June,2024
Bay,1286786,June,2024
Galgaduud,837918,June,2024
Gedo,1005923,June,2024
Hiraan,520516,June,2024
Lower Juba,1194276,June,2024
Lower Shabelle,1642667,June,2024
Middle Juba,443506,June,2024
Middle Shabelle,1044873,June,2024
North Mudug,918998,June,2024
Nugaal,651465,June,2024
Sanaag,442034,June,2024
Sool,566052,June,2024
South Mudug,597037,June,2024
Togdheer,887449,June,2024
Woqooyi Galbeed,1492507,June,2024
Awdal,636108,July,2024
Bakool,543371,July,2024
Banadir,3171391,July,2024
Bari,1232231,July,2024
Bay,1247975,July,2024
Galgaduud,812638,July,2024
Gedo,975586,July,2024
Hiraan,504816,July,2024
Lower Juba,1158256,July,2024
Lower Shabelle,1593117,July,2024
Middle Juba,430129,July,2024
Middle Shabelle,1013352,July,2024
North Mudug,891279,July,2024
Nugaal,631810,July,2024
Sanaag,428699,July,2024
Sool,548975,July,2024
South Mudug,579030,July,2024
Togdheer,860684,July,2024
Woqooyi Galbeed,1447484,July,2024
Awdal,636108,August,2024
Bakool,543371,August,2024
Banadir,3171391,August,2024
Bari,1232231,August,2024
Bay,1247975,August,2024
Galgaduud,812638,August,2024
Gedo,975586,August,2024
Hiraan,504816,August,2024
Lower Juba,1158256,August,2024
Lower Shabelle,1593117,August,2024
Middle Juba,430129,August,2024
Middle Shabelle,1013352,August,2024
North Mudug,891279,August,2024
Nugaal,631810,August,2024
Sanaag,428699,August,2024
Sool,548975,August,2024
South Mudug,579030,August,2024
Togdheer,860684,August,2024
Woqooyi Galbeed,1447484,August,2024
Awdal,636108,September,2024
Bakool,543371,September,2024
Banadir,3171391,September,2024
Bari,1232231,September,2024
Bay,1247975,September,2024
Galgaduud,812638,September,2024
Gedo,975586,September,2024
Hiraan,504816,September,2024
Lower Juba,1158256,September,2024
Lower Shabelle,1593117,September,2024
Middle Juba,430129,September,2024
Middle Shabelle,1013352,September,2024
North Mudug,891279,September,2024
Nugaal,631810,September,2024
Sanaag,428699,September,2024
Sool,548975,September,2024
South Mudug,579030,September,2024
Togdheer,860684,September,2024
Woqooyi Galbeed,1447484,September,2024
Awdal,636108,October,2024
Bakool,543371,October,2024
Banadir,3171391,October,2024
Bari,1232231,October,2024
Bay,1247975,October,2024
Galgaduud,812638,October,2024
Gedo,975586,October,2024
Hiraan,504816,October,2024
Lower Juba,1158256,October,2024
Lower Shabelle,1593117,October,2024
Middle Juba,430129,October,2024
Middle Shabelle,1013352,October,2024
North Mudug,891279,October,2024
Nugaal,631810,October,2024
Sanaag,428699,October,2024
Sool,548975,October,2024
South Mudug,579030,October,2024
Togdheer,860684,October,2024
Woqooyi Galbeed,1447484,October,2024
Awdal,636108,November,2024
Bakool,543371,November,2024
Banadir,3171391,November,2024
Bari,1232231,November,2024
Bay,1247975,November,2024
Galgaduud,812638,November,2024
Gedo,975586,November,2024
Hiraan,504816,November,2024
Lower Juba,1158256,November,2024
Lower Shabelle,1593117,November,2024
Middle Juba,430129,November,2024
Middle Shabelle,1013352,November,2024
North Mudug,891279,November,2024
Nugaal,631810,November,2024
Sanaag,428699,November,2024
Sool,548975,November,2024
South Mudug,579030,November,2024
Togdheer,860684,November,2024
Woqooyi Galbeed,1447484,November,2024
Awdal,636108,December,2024
Bakool,543371,December,2024
Banadir,3171391,December,2024
Bari,1232231,December,2024
Bay,1247975,December,2024
Galgaduud,812638,December,2024
Gedo,975586,December,2024
Hiraan,504816,December,2024
Lower Juba,1158256,December,2024
Lower Shabelle,1593117,December,2024
Middle Juba,430129,December,2024
Middle Shabelle,1013352,December,2024
North Mudug,891279,December,2024
Nugaal,631810,December,2024
Sanaag,428699,December,2024
Sool,548975,December,2024
South Mudug,579030,December,2024
Togdheer,860684,December,2024
Woqooyi Galbeed,1447484,December,2024
Awdal,655893,July,2025
Bakool,560266,July,2025
Banadir,3262132,July,2025
Bari,1270552,July,2025
Bay,1286786,July,2025
Galgaduud,837918,July,2025
Gedo,1005923,July,2025
Hiraan,520516,July,2025
Lower Juba,1194276,July,2025
Lower Shabelle,1642667,July,2025
Middle Juba,443506,July,2025
Middle Shabelle,1044873,July,2025
North Mudug,918998,July,2025
Nugaal,651465,July,2025
Sanaag,442034,July,2025
Sool,566052,July,2025
South Mudug,597037,July,2025
Togdheer,887449,July,2025
Woqooyi Galbeed,1492507,July,2025
Awdal,655893,August,2025
Bakool,560266,August,2025
Banadir,3262132,August,2025
Bari,1270552,August,2025
Bay,1286786,August,2025
Galgaduud,837918,August,2025
Gedo,1005923,August,2025
Hiraan,520516,August,2025
Lower Juba,1194276,August,2025
Lower Shabelle,1642667,August,2025
Middle Juba,443506,August,2025
Middle Shabelle,1044873,August,2025
North Mudug,918998,August,2025
Nugaal,651465,August,2025
Sanaag,442034,August,2025
Sool,566052,August,2025
South Mudug,597037,August,2025
Togdheer,887449,August,2025
Woqooyi Galbeed,1492507,August,2025
Awdal,655893,September,2025
Bakool,560266,September,2025
Banadir,3262132,September,2025
Bari,1270552,September,2025
Bay,1286786,September,2025
Galgaduud,837918,September,2025
Gedo,1005923,September,2025
Hiraan,520516,September,2025
Lower Juba,1194276,September,2025
Lower Shabelle,1642667,September,2025
Middle Juba,443506,September,2025
Middle Shabelle,1044873,September,2025
North Mudug,918998,September,2025
Nugaal,651465,September,2025
Sanaag,442034,September,2025
Sool,566052,September,2025
South Mudug,597037,September,2025
Togdheer,887449,September,2025
Woqooyi Galbeed,1492507,September,2025
Awdal,655893,October,2025
Bakool,560266,October,2025
Banadir,3262132,October,2025
Bari,1270552,October,2025
Bay,1286786,October,2025
Galgaduud,837918,October,2025
Gedo,1005923,October,2025
Hiraan,520516,October,2025
Lower Juba,1194276,October,2025
Lower Shabelle,1642667,October,2025
Middle Juba,443506,October,2025
Middle Shabelle,1044873,October,2025
North Mudug,918998,October,2025
Nugaal,651465,October,2025
Sanaag,442034,October,2025
Sool,566052,October,2025
South Mudug,597037,October,2025
Togdheer,887449,October,2025
Woqooyi Galbeed,1492507,October,2025
Awdal,655893,November,2025
Bakool,560266,November,2025
Banadir,3262132,November,2025
Bari,1270552,November,2025
Bay,1286786,November,2025
Galgaduud,837918,November,2025
Gedo,1005923,November,2025
Hiraan,520516,November,2025
Lower Juba,1194276,November,2025
Lower Shabelle,1642667,November,2025
Middle Juba,443506,November,2025
Middle Shabelle,1044873,November,2025
North Mudug,918998,November,2025
Nugaal,651465,November,2025
Sanaag,442034,November,2025
Sool,566052,November,2025
South Mudug,597037,November,2025
Togdheer,887449,November,2025
Woqooyi Galbeed,1492507,November,2025
Awdal,655893,December,2025
Bakool,560266,December,2025
Banadir,3262132,December,2025
Bari,1270552,December,2025
Bay,1286786,December,2025
Galgaduud,837918,December,2025
Gedo,1005923,December,2025
Hiraan,520516,December,2025
Lower Juba,1194276,December,2025
Lower Shabelle,1642667,December,2025
Middle Juba,443506,December,2025
Middle Shabelle,1044873,December,2025
North Mudug,918998,December,2025
Nugaal,651465,December,2025
Sanaag,442034,December,2025
Sool,566052,December,2025
South Mudug,597037,December,2025
Togdheer,887449,December,2025
Woqooyi Galbeed,1492507,December,2025
